{
    "format_version": 1,
    "header": {
        "description": "",
        "name": "resource_pack_gemMoUcN",
        "uuid": "cf02706e-fd5e-44dd-b550-489444894afb",
        "version": [
            0,
            0,
            1
        ]
    },
    "modules": [
        {
            "description": "",
            "type": "resources",
            "uuid": "7990c6f9-28b4-435a-9551-0064e6dfec7d",
            "version": [
                0,
                0,
                1
            ]
        }
    ]
}