{
    "dependencies": [],
    "format_version": 1,
    "header": {
        "description": "",
        "name": "behavior_pack_NsoLodtF",
        "uuid": "90cd8bc7-5e3a-4667-9430-9dcb65133462",
        "version": [
            0,
            0,
            1
        ]
    },
    "modules": [
        {
            "description": "",
            "type": "data",
            "uuid": "710a6241-fb2a-46d7-b7a8-793204bca501",
            "version": [
                0,
                0,
                1
            ]
        }
    ]
}