{
   "balance" : {
      "anchor_from" : "top_left",
      "anchor_to" : "top_left",
      "color" : [ 1, 1, 1 ],
      "font_scale_factor" : 0.5899999737739563,
      "font_size" : "normal",
      "font_type" : "smooth",
      "layer" : 2,
      "offset" : [ 114.0, 11.0 ],
      "shadow" : false,
      "size" : [ 39.0, 5.0 ],
      "text" : "3000",
      "text_alignment" : "left",
      "type" : "label",
      "visible" : true
   },
   "bot@common.button" : {
      "$default_texture" : "textures/ui/bot",
      "$hover_texture" : "textures/ui/botc",
      "$is_new_nine_slice" : false,
      "$label_color" : [ 1, 1, 1 ],
      "$label_font_scale_factor" : 0.2300000041723251,
      "$label_font_size" : "small",
      "$label_layer" : 3,
      "$label_offset" : [ 0, 0 ],
      "$label_text" : "",
      "$nine_slice_buttom" : 0,
      "$nine_slice_left" : 0,
      "$nine_slice_right" : 0,
      "$nine_slice_top" : 0,
      "$nineslice_size" : [ 0, 0, 0, 0 ],
      "$pressed_button_name" : "%GUI.click",
      "$pressed_texture" : "textures/ui/botc",
      "$texture_layer" : 2,
      "anchor_from" : "top_right",
      "anchor_to" : "top_right",
      "bindings" : [
         {
            "binding_collection_name" : "",
            "binding_condition" : "always_when_visible",
            "binding_type" : "collection_details"
         }
      ],
      "button_mappings" : [],
      "controls" : [
         {
            "default@GUI.default" : {}
         },
         {
            "hover@GUI.hover" : {}
         },
         {
            "pressed@GUI.pressed" : {}
         },
         {
            "button_label@GUI.button_label" : {}
         }
      ],
      "default_control" : "default",
      "hover_control" : "hover",
      "is_handle_button_move_event" : true,
      "layer" : 1,
      "offset" : [ -28.0, 4.0 ],
      "pressed_control" : "pressed",
      "size" : [ 20.0, 20.0 ],
      "type" : "button",
      "visible" : false
   },
   "bottom" : {
      "anchor_from" : "bottom_left",
      "anchor_to" : "bottom_left",
      "controls" : [
         {
            "toolbar@GUI.toolbar" : {}
         },
         {
            "infobar@GUI.infobar" : {}
         }
      ],
      "layer" : 1,
      "offset" : [ 0, 0 ],
      "size" : [ "100.0%+0.0px", 20.0 ],
      "type" : "panel",
      "visible" : true
   },
   "bubble" : {
      "anchor_from" : "center",
      "anchor_to" : "center",
      "is_new_nine_slice" : false,
      "layer" : 4,
      "nine_slice_buttom" : 0,
      "nine_slice_left" : 0,
      "nine_slice_right" : 0,
      "nine_slice_top" : 0,
      "nineslice_size" : [ 0, 0, 0, 0 ],
      "offset" : [ 0.0, 0.0 ],
      "size" : [ 16.0, 16.0 ],
      "texture" : "textures/ui/bubble",
      "type" : "image",
      "uv" : [ 0, 0 ],
      "uv_size" : [ 0, 0 ],
      "visible" : true
   },
   "bullshit@common.button" : {
      "$default_texture" : "textures/ui/bullshit",
      "$hover_texture" : "textures/ui/bullshitc",
      "$is_new_nine_slice" : false,
      "$label_color" : [ 1, 1, 1 ],
      "$label_font_scale_factor" : 0.2300000041723251,
      "$label_font_size" : "small",
      "$label_layer" : 3,
      "$label_offset" : [ 0, 0 ],
      "$label_text" : "",
      "$nine_slice_buttom" : 4,
      "$nine_slice_left" : 4,
      "$nine_slice_right" : 4,
      "$nine_slice_top" : 4,
      "$nineslice_size" : [ 4, 4, 4, 4 ],
      "$pressed_button_name" : "%GUI.click",
      "$pressed_texture" : "textures/ui/bullshitc",
      "$texture_layer" : 2,
      "anchor_from" : "top_right",
      "anchor_to" : "top_right",
      "bindings" : [
         {
            "binding_collection_name" : "",
            "binding_condition" : "always_when_visible",
            "binding_type" : "collection_details"
         }
      ],
      "button_mappings" : [],
      "controls" : [
         {
            "default@GUI.default" : {}
         },
         {
            "hover@GUI.hover" : {}
         },
         {
            "pressed@GUI.pressed" : {}
         },
         {
            "button_label@GUI.button_label" : {}
         },
         {
            "bubble@GUI.bubble" : {}
         }
      ],
      "default_control" : "default",
      "hover_control" : "hover",
      "is_handle_button_move_event" : true,
      "layer" : 1,
      "offset" : [ 0.0, 0.0 ],
      "pressed_control" : "pressed",
      "size" : [ 40.0, "100.0%+0.0px" ],
      "type" : "button",
      "visible" : true
   },
   "button_label" : {
      "color" : "$label_color",
      "font_scale_factor" : "$label_font_scale_factor",
      "font_size" : "$label_font_size",
      "font_type" : "smooth",
      "layer" : "$label_layer",
      "max_size" : [ "100%", "100%" ],
      "offset" : "$label_offset",
      "shadow" : false,
      "text" : "$label_text",
      "text_alignment" : "center",
      "type" : "label"
   },
   "c" : {
      "anchor_from" : "center",
      "anchor_to" : "center",
      "controls" : [
         {
            "classical@GUI.classical" : {}
         },
         {
            "variant@GUI.variant" : {}
         },
         {
            "tournament@GUI.tournament" : {}
         }
      ],
      "layer" : 1,
      "offset" : [ 0, 0 ],
      "size" : [ "100.0%+0.0px", "100.0%+0.0px" ],
      "type" : "panel",
      "visible" : false
   },
   "c-c" : {
      "anchor_from" : "center",
      "anchor_to" : "center",
      "controls" : [
         {
            "rookie@GUI.rookie" : {}
         },
         {
            "primary@GUI.primary" : {}
         },
         {
            "junior@GUI.junior" : {}
         },
         {
            "senior@GUI.senior" : {}
         },
         {
            "major@GUI.major" : {}
         },
         {
            "psycho@GUI.psycho" : {}
         }
      ],
      "layer" : 1,
      "offset" : [ 0, 0 ],
      "size" : [ "100.0%+0.0px", "100.0%+0.0px" ],
      "type" : "panel",
      "visible" : false
   },
   "casket" : {
      "anchor_from" : "top_left",
      "anchor_to" : "top_left",
      "is_new_nine_slice" : true,
      "layer" : 1,
      "nine_slice_buttom" : 1,
      "nine_slice_left" : 0,
      "nine_slice_right" : 0,
      "nine_slice_top" : 1,
      "nineslice_size" : [ 0, 0, 0, 0 ],
      "offset" : [ 98.0, 8.0 ],
      "size" : [ 51.0, 11.0 ],
      "texture" : "textures/ui/slot",
      "type" : "image",
      "uv" : [ 0, 0 ],
      "uv_size" : [ 0, 0 ],
      "visible" : true
   },
   "change@common.button" : {
      "$default_texture" : "textures/ui/change",
      "$hover_texture" : "textures/ui/changec",
      "$is_new_nine_slice" : false,
      "$label_color" : [ 1, 1, 1 ],
      "$label_font_scale_factor" : 0.2300000041723251,
      "$label_font_size" : "small",
      "$label_layer" : 3,
      "$label_offset" : [ 0, 0 ],
      "$label_text" : "",
      "$nine_slice_buttom" : 0,
      "$nine_slice_left" : 0,
      "$nine_slice_right" : 0,
      "$nine_slice_top" : 0,
      "$nineslice_size" : [ 0, 0, 0, 0 ],
      "$pressed_button_name" : "%GUI.click",
      "$pressed_texture" : "textures/ui/changec",
      "$texture_layer" : 2,
      "anchor_from" : "top_right",
      "anchor_to" : "top_right",
      "bindings" : [
         {
            "binding_collection_name" : "",
            "binding_condition" : "always_when_visible",
            "binding_type" : "collection_details"
         }
      ],
      "button_mappings" : [],
      "controls" : [
         {
            "default@GUI.default" : {}
         },
         {
            "hover@GUI.hover" : {}
         },
         {
            "pressed@GUI.pressed" : {}
         },
         {
            "button_label@GUI.button_label" : {}
         }
      ],
      "default_control" : "default",
      "hover_control" : "hover",
      "is_handle_button_move_event" : true,
      "layer" : 1,
      "offset" : [ -28.0, 4.0 ],
      "pressed_control" : "pressed",
      "size" : [ 20.0, 20.0 ],
      "type" : "button",
      "visible" : true
   },
   "chart@common.button" : {
      "$default_texture" : "textures/ui/chart",
      "$hover_texture" : "textures/ui/chartc",
      "$is_new_nine_slice" : false,
      "$label_color" : [ 1, 1, 1 ],
      "$label_font_scale_factor" : 0.2300000041723251,
      "$label_font_size" : "small",
      "$label_layer" : 3,
      "$label_offset" : [ 0, 0 ],
      "$label_text" : "",
      "$nine_slice_buttom" : 0,
      "$nine_slice_left" : 0,
      "$nine_slice_right" : 0,
      "$nine_slice_top" : 0,
      "$nineslice_size" : [ 0, 0, 0, 0 ],
      "$pressed_button_name" : "%GUI.click",
      "$pressed_texture" : "textures/ui/chartc",
      "$texture_layer" : 2,
      "anchor_from" : "top_right",
      "anchor_to" : "top_right",
      "bindings" : [
         {
            "binding_collection_name" : "",
            "binding_condition" : "always_when_visible",
            "binding_type" : "collection_details"
         }
      ],
      "button_mappings" : [],
      "controls" : [
         {
            "default@GUI.default" : {}
         },
         {
            "hover@GUI.hover" : {}
         },
         {
            "pressed@GUI.pressed" : {}
         },
         {
            "button_label@GUI.button_label" : {}
         }
      ],
      "default_control" : "default",
      "hover_control" : "hover",
      "is_handle_button_move_event" : true,
      "layer" : 2,
      "offset" : [ -100.0, 9.0 ],
      "pressed_control" : "pressed",
      "size" : [ 9.0, 9.0 ],
      "type" : "button",
      "visible" : true
   },
   "classic@common.button" : {
      "$default_texture" : "textures/netease/common/button/default",
      "$hover_texture" : "textures/netease/common/button/hover",
      "$is_new_nine_slice" : true,
      "$label_color" : [ 1, 1, 1 ],
      "$label_font_scale_factor" : 1.0,
      "$label_font_size" : "large",
      "$label_layer" : 3,
      "$label_offset" : [ 0, 0 ],
      "$label_text" : "经典模式",
      "$nine_slice_buttom" : 0,
      "$nine_slice_left" : 0,
      "$nine_slice_right" : 0,
      "$nine_slice_top" : 0,
      "$nineslice_size" : [ 0, 0, 0, 0 ],
      "$pressed_button_name" : "%GUI.click",
      "$pressed_texture" : "textures/netease/common/button/pressed",
      "$texture_layer" : 2,
      "anchor_from" : "center",
      "anchor_to" : "center",
      "bindings" : [
         {
            "binding_collection_name" : "",
            "binding_condition" : "always_when_visible",
            "binding_type" : "collection_details"
         }
      ],
      "button_mappings" : [],
      "controls" : [
         {
            "default@GUI.default" : {}
         },
         {
            "hover@GUI.hover" : {}
         },
         {
            "pressed@GUI.pressed" : {}
         },
         {
            "button_label@GUI.button_label" : {}
         }
      ],
      "default_control" : "default",
      "hover_control" : "hover",
      "is_handle_button_move_event" : true,
      "layer" : 1,
      "offset" : [ "-20.0%+0.0px", "1.0%+0.0px" ],
      "pressed_control" : "pressed",
      "size" : [ "40.0%+0.0px", "77.0%+0.0px" ],
      "type" : "button",
      "visible" : true
   },
   "classical@common.button" : {
      "$default_texture" : "textures/netease/common/button/default",
      "$hover_texture" : "textures/netease/common/button/hover",
      "$is_new_nine_slice" : true,
      "$label_color" : [ 1, 1, 1 ],
      "$label_font_scale_factor" : 1.0,
      "$label_font_size" : "large",
      "$label_layer" : 3,
      "$label_offset" : [ 0, 0 ],
      "$label_text" : "经典玩法",
      "$nine_slice_buttom" : 0,
      "$nine_slice_left" : 0,
      "$nine_slice_right" : 0,
      "$nine_slice_top" : 0,
      "$nineslice_size" : [ 0, 0, 0, 0 ],
      "$pressed_button_name" : "%GUI.click",
      "$pressed_texture" : "textures/netease/common/button/pressed",
      "$texture_layer" : 2,
      "anchor_from" : "center",
      "anchor_to" : "center",
      "bindings" : [
         {
            "binding_collection_name" : "",
            "binding_condition" : "always_when_visible",
            "binding_type" : "collection_details"
         }
      ],
      "button_mappings" : [],
      "controls" : [
         {
            "default@GUI.default" : {}
         },
         {
            "hover@GUI.hover" : {}
         },
         {
            "pressed@GUI.pressed" : {}
         },
         {
            "button_label@GUI.button_label" : {}
         }
      ],
      "default_control" : "default",
      "hover_control" : "hover",
      "is_handle_button_move_event" : true,
      "layer" : 1,
      "offset" : [ "-30.0%+0.0px", 0.0 ],
      "pressed_control" : "pressed",
      "size" : [ "30.0%+0.0px", "77.0%+0.0px" ],
      "type" : "button",
      "visible" : true
   },
   "coin" : {
      "anchor_from" : "top_left",
      "anchor_to" : "top_left",
      "is_new_nine_slice" : false,
      "layer" : 2,
      "nine_slice_buttom" : 0,
      "nine_slice_left" : 0,
      "nine_slice_right" : 0,
      "nine_slice_top" : 0,
      "nineslice_size" : [ 0, 0, 0, 0 ],
      "offset" : [ 77.0, 8.0 ],
      "size" : [ 9.0, 9.0 ],
      "texture" : "textures/ui/w1h1",
      "type" : "image",
      "uv" : [ 0, 0 ],
      "uv_size" : [ 0, 0 ],
      "visible" : true
   },
   "debut" : {
      "anchor_from" : "center",
      "anchor_to" : "center",
      "controls" : [
         {
            "classic@GUI.classic" : {}
         },
         {
            "single@GUI.single" : {}
         }
      ],
      "layer" : 1,
      "offset" : [ 0, 0 ],
      "size" : [ "100.0%+0.0px", "100.0%+0.0px" ],
      "type" : "panel",
      "visible" : true
   },
   "default" : {
      "is_new_nine_slice" : "$is_new_nine_slice",
      "layer" : "$texture_layer",
      "nine_slice_buttom" : "$nine_slice_buttom",
      "nine_slice_left" : "$nine_slice_left",
      "nine_slice_right" : "$nine_slice_right",
      "nine_slice_top" : "$nine_slice_top",
      "nineslice_size" : "$nineslice_size",
      "texture" : "$default_texture",
      "type" : "image"
   },
   "fee" : {
      "anchor_from" : "top_left",
      "anchor_to" : "top_left",
      "color" : [ 1, 1, 1 ],
      "font_scale_factor" : 0.6999999880790710,
      "font_size" : "normal",
      "font_type" : "smooth",
      "layer" : 1,
      "offset" : [ 25.0, 29.0 ],
      "shadow" : false,
      "size" : [ 18.0, 6.0 ],
      "text" : "2200",
      "text_alignment" : "center",
      "type" : "label",
      "visible" : true
   },
   "flip" : {
      "anchor_from" : "center",
      "anchor_to" : "center",
      "controls" : [
         {
            "debut@GUI.debut" : {}
         },
         {
            "c@GUI.c" : {}
         },
         {
            "c-c@GUI.c-c" : {}
         }
      ],
      "layer" : 1,
      "offset" : [ 0, 0 ],
      "size" : [ "100.0%+0.0px", "100.0%+0.0px" ],
      "type" : "panel",
      "visible" : false
   },
   "head@common.button" : {
      "$default_texture" : "textures/ui/Steve",
      "$hover_texture" : "textures/ui/Steve",
      "$is_new_nine_slice" : false,
      "$label_color" : [ 1, 1, 1 ],
      "$label_font_scale_factor" : 0.2300000041723251,
      "$label_font_size" : "small",
      "$label_layer" : 3,
      "$label_offset" : [ 0, 0 ],
      "$label_text" : "",
      "$nine_slice_buttom" : 0,
      "$nine_slice_left" : 0,
      "$nine_slice_right" : 0,
      "$nine_slice_top" : 0,
      "$nineslice_size" : [ 0, 0, 0, 0 ],
      "$pressed_button_name" : "%GUI.click",
      "$pressed_texture" : "textures/ui/Steve",
      "$texture_layer" : 2,
      "anchor_from" : "top_left",
      "anchor_to" : "top_left",
      "bindings" : [
         {
            "binding_collection_name" : "",
            "binding_condition" : "always_when_visible",
            "binding_type" : "collection_details"
         }
      ],
      "button_mappings" : [],
      "controls" : [
         {
            "default@GUI.default" : {}
         },
         {
            "hover@GUI.hover" : {}
         },
         {
            "pressed@GUI.pressed" : {}
         },
         {
            "button_label@GUI.button_label" : {}
         }
      ],
      "default_control" : "default",
      "hover_control" : "hover",
      "is_handle_button_move_event" : true,
      "layer" : 1,
      "offset" : [ 4.0, 4.0 ],
      "pressed_control" : "pressed",
      "size" : [ 16.0, 16.0 ],
      "type" : "button",
      "visible" : true
   },
   "hover" : {
      "is_new_nine_slice" : "$is_new_nine_slice",
      "layer" : "$texture_layer",
      "nine_slice_buttom" : "$nine_slice_buttom",
      "nine_slice_left" : "$nine_slice_left",
      "nine_slice_right" : "$nine_slice_right",
      "nine_slice_top" : "$nine_slice_top",
      "nineslice_size" : "$nineslice_size",
      "texture" : "$hover_texture",
      "type" : "image"
   },
   "icon" : {
      "anchor_from" : "top_left",
      "anchor_to" : "top_left",
      "is_new_nine_slice" : false,
      "layer" : 1,
      "nine_slice_buttom" : 0,
      "nine_slice_left" : 0,
      "nine_slice_right" : 0,
      "nine_slice_top" : 0,
      "nineslice_size" : [ 0, 0, 0, 0 ],
      "offset" : [ 4.0, 4.0 ],
      "size" : [ 16.0, 16.0 ],
      "texture" : "textures/ui/Alex",
      "type" : "image",
      "uv" : [ 0, 0 ],
      "uv_size" : [ 0, 0 ],
      "visible" : true
   },
   "infobar" : {
      "anchor_from" : "bottom_right",
      "anchor_to" : "bottom_right",
      "controls" : [
         {
            "icon@GUI.icon" : {}
         },
         {
            "plate@GUI.plate" : {}
         },
         {
            "shorty@GUI.shorty" : {}
         },
         {
            "casket@GUI.casket" : {}
         },
         {
            "jetton@GUI.jetton" : {}
         },
         {
            "balance@GUI.balance" : {}
         },
         {
            "more@GUI.more" : {}
         },
         {
            "tray@GUI.tray" : {}
         },
         {
            "chart@GUI.chart" : {}
         },
         {
            "times@GUI.times" : {}
         },
         {
            "bullshit@GUI.bullshit" : {}
         }
      ],
      "is_new_nine_slice" : false,
      "layer" : 1,
      "nine_slice_buttom" : 4,
      "nine_slice_left" : 4,
      "nine_slice_right" : 4,
      "nine_slice_top" : 4,
      "nineslice_size" : [ 4, 4, 4, 4 ],
      "offset" : [ 0, 0 ],
      "size" : [ "100.0%+0.0px", 25.0 ],
      "texture" : "textures/ui/infobar",
      "type" : "image",
      "uv" : [ 0, 0 ],
      "uv_size" : [ 0, 0 ],
      "visible" : true
   },
   "jetton" : {
      "anchor_from" : "top_left",
      "anchor_to" : "top_left",
      "is_new_nine_slice" : false,
      "layer" : 2,
      "nine_slice_buttom" : 0,
      "nine_slice_left" : 0,
      "nine_slice_right" : 0,
      "nine_slice_top" : 0,
      "nineslice_size" : [ 0, 0, 0, 0 ],
      "offset" : [ 100.0, 9.0 ],
      "size" : [ 9.0, 9.0 ],
      "texture" : "textures/ui/w1h1",
      "type" : "image",
      "uv" : [ 0, 0 ],
      "uv_size" : [ 0, 0 ],
      "visible" : true
   },
   "junior@common.button" : {
      "$default_texture" : "textures/netease/common/button/default",
      "$hover_texture" : "textures/netease/common/button/hover",
      "$is_new_nine_slice" : true,
      "$label_color" : [ 1, 1, 1 ],
      "$label_font_scale_factor" : 1.0,
      "$label_font_size" : "large",
      "$label_layer" : 3,
      "$label_offset" : [ 0, 0 ],
      "$label_text" : "普通场",
      "$nine_slice_buttom" : 0,
      "$nine_slice_left" : 0,
      "$nine_slice_right" : 0,
      "$nine_slice_top" : 0,
      "$nineslice_size" : [ 0, 0, 0, 0 ],
      "$pressed_button_name" : "%GUI.click",
      "$pressed_texture" : "textures/netease/common/button/pressed",
      "$texture_layer" : 2,
      "anchor_from" : "center",
      "anchor_to" : "center",
      "bindings" : [
         {
            "binding_collection_name" : "",
            "binding_condition" : "always_when_visible",
            "binding_type" : "collection_details"
         }
      ],
      "button_mappings" : [],
      "controls" : [
         {
            "default@GUI.default" : {}
         },
         {
            "hover@GUI.hover" : {}
         },
         {
            "pressed@GUI.pressed" : {}
         },
         {
            "button_label@GUI.button_label" : {}
         }
      ],
      "default_control" : "default",
      "hover_control" : "hover",
      "is_handle_button_move_event" : true,
      "layer" : 1,
      "offset" : [ "31.0%+0.0px", "-16.0%+0.0px" ],
      "pressed_control" : "pressed",
      "size" : [ "24.0%+0.0px", "26.0%+0.0px" ],
      "type" : "button",
      "visible" : true
   },
   "leave@common.button" : {
      "$default_texture" : "textures/ui/leave",
      "$hover_texture" : "textures/ui/leavec",
      "$is_new_nine_slice" : false,
      "$label_color" : [ 1, 1, 1 ],
      "$label_font_scale_factor" : 0.2300000041723251,
      "$label_font_size" : "small",
      "$label_layer" : 3,
      "$label_offset" : [ 0, 0 ],
      "$label_text" : "",
      "$nine_slice_buttom" : 0,
      "$nine_slice_left" : 0,
      "$nine_slice_right" : 0,
      "$nine_slice_top" : 0,
      "$nineslice_size" : [ 0, 0, 0, 0 ],
      "$pressed_button_name" : "%GUI.click",
      "$pressed_texture" : "textures/ui/leavec",
      "$texture_layer" : 2,
      "anchor_from" : "top_left",
      "anchor_to" : "top_left",
      "bindings" : [
         {
            "binding_collection_name" : "",
            "binding_condition" : "always_when_visible",
            "binding_type" : "collection_details"
         }
      ],
      "button_mappings" : [],
      "controls" : [
         {
            "default@GUI.default" : {}
         },
         {
            "hover@GUI.hover" : {}
         },
         {
            "pressed@GUI.pressed" : {}
         },
         {
            "button_label@GUI.button_label" : {}
         }
      ],
      "default_control" : "default",
      "hover_control" : "hover",
      "is_handle_button_move_event" : true,
      "layer" : 1,
      "offset" : [ 4.0, 4.0 ],
      "pressed_control" : "pressed",
      "size" : [ 20.0, 20.0 ],
      "type" : "button",
      "visible" : true
   },
   "main" : {
      "absorbs_input" : true,
      "always_accepts_input" : false,
      "controls" : [
         {
            "main_panel@GUI.main_panel" : {}
         }
      ],
      "force_render_below" : false,
      "is_showing_menu" : true,
      "render_game_behind" : true,
      "render_only_when_topmost" : true,
      "should_steal_mouse" : false,
      "type" : "screen"
   },
   "main_panel" : {
      "anchor_from" : "center",
      "anchor_to" : "center",
      "controls" : [
         {
            "top@GUI.top" : {}
         },
         {
            "bottom@GUI.bottom" : {}
         },
         {
            "flip@GUI.flip" : {}
         },
         {
            "room@GUI.room" : {}
         }
      ],
      "layer" : 1,
      "offset" : [ 0, 0 ],
      "size" : [ "100.0%+0.0px", "100.0%+0.0px" ],
      "type" : "panel",
      "visible" : true
   },
   "major@common.button" : {
      "$default_texture" : "textures/netease/common/button/default",
      "$hover_texture" : "textures/netease/common/button/hover",
      "$is_new_nine_slice" : true,
      "$label_color" : [ 1, 1, 1 ],
      "$label_font_scale_factor" : 1.0,
      "$label_font_size" : "large",
      "$label_layer" : 3,
      "$label_offset" : [ 0, 0 ],
      "$label_text" : "高级场",
      "$nine_slice_buttom" : 0,
      "$nine_slice_left" : 0,
      "$nine_slice_right" : 0,
      "$nine_slice_top" : 0,
      "$nineslice_size" : [ 0, 0, 0, 0 ],
      "$pressed_button_name" : "%GUI.click",
      "$pressed_texture" : "textures/netease/common/button/pressed",
      "$texture_layer" : 2,
      "anchor_from" : "center",
      "anchor_to" : "center",
      "bindings" : [
         {
            "binding_collection_name" : "",
            "binding_condition" : "always_when_visible",
            "binding_type" : "collection_details"
         }
      ],
      "button_mappings" : [],
      "controls" : [
         {
            "default@GUI.default" : {}
         },
         {
            "hover@GUI.hover" : {}
         },
         {
            "pressed@GUI.pressed" : {}
         },
         {
            "button_label@GUI.button_label" : {}
         }
      ],
      "default_control" : "default",
      "hover_control" : "hover",
      "is_handle_button_move_event" : true,
      "layer" : 1,
      "offset" : [ 0.0, "16.0%+0.0px" ],
      "pressed_control" : "pressed",
      "size" : [ "24.0%+0.0px", "26.0%+0.0px" ],
      "type" : "button",
      "visible" : true
   },
   "match@common.button" : {
      "$default_texture" : "textures/netease/common/button/default",
      "$hover_texture" : "textures/netease/common/button/hover",
      "$is_new_nine_slice" : true,
      "$label_color" : [ 1, 1, 1 ],
      "$label_font_scale_factor" : 1.169999957084656,
      "$label_font_size" : "normal",
      "$label_layer" : 3,
      "$label_offset" : [ 0, 0 ],
      "$label_text" : "开始游戏",
      "$nine_slice_buttom" : 0,
      "$nine_slice_left" : 0,
      "$nine_slice_right" : 0,
      "$nine_slice_top" : 0,
      "$nineslice_size" : [ 0, 0, 0, 0 ],
      "$pressed_button_name" : "%GUI.click",
      "$pressed_texture" : "textures/netease/common/button/pressed",
      "$texture_layer" : 2,
      "anchor_from" : "center",
      "anchor_to" : "center",
      "bindings" : [
         {
            "binding_collection_name" : "",
            "binding_condition" : "always_when_visible",
            "binding_type" : "collection_details"
         }
      ],
      "button_mappings" : [],
      "controls" : [
         {
            "default@GUI.default" : {}
         },
         {
            "hover@GUI.hover" : {}
         },
         {
            "pressed@GUI.pressed" : {}
         },
         {
            "button_label@GUI.button_label" : {}
         }
      ],
      "default_control" : "default",
      "hover_control" : "hover",
      "is_handle_button_move_event" : true,
      "layer" : 1,
      "offset" : [ 0.0, 20.0 ],
      "pressed_control" : "pressed",
      "size" : [ 80.0, 20.0 ],
      "type" : "button",
      "visible" : true
   },
   "menu@common.button" : {
      "$default_texture" : "textures/ui/menu",
      "$hover_texture" : "textures/ui/menuc",
      "$is_new_nine_slice" : false,
      "$label_color" : [ 1, 1, 1 ],
      "$label_font_scale_factor" : 0.2300000041723251,
      "$label_font_size" : "small",
      "$label_layer" : 3,
      "$label_offset" : [ 0, 0 ],
      "$label_text" : "",
      "$nine_slice_buttom" : 0,
      "$nine_slice_left" : 0,
      "$nine_slice_right" : 0,
      "$nine_slice_top" : 0,
      "$nineslice_size" : [ 0, 0, 0, 0 ],
      "$pressed_button_name" : "%GUI.click",
      "$pressed_texture" : "textures/ui/menuc",
      "$texture_layer" : 2,
      "anchor_from" : "top_right",
      "anchor_to" : "top_right",
      "bindings" : [
         {
            "binding_collection_name" : "",
            "binding_condition" : "always_when_visible",
            "binding_type" : "collection_details"
         }
      ],
      "button_mappings" : [],
      "controls" : [
         {
            "default@GUI.default" : {}
         },
         {
            "hover@GUI.hover" : {}
         },
         {
            "pressed@GUI.pressed" : {}
         },
         {
            "button_label@GUI.button_label" : {}
         }
      ],
      "default_control" : "default",
      "hover_control" : "hover",
      "is_handle_button_move_event" : true,
      "layer" : 1,
      "offset" : [ -4.0, 4.0 ],
      "pressed_control" : "pressed",
      "size" : [ 20.0, 20.0 ],
      "type" : "button",
      "visible" : true
   },
   "more@common.button" : {
      "$default_texture" : "textures/ui/rich",
      "$hover_texture" : "textures/ui/richc",
      "$is_new_nine_slice" : false,
      "$label_color" : [ 1, 1, 1 ],
      "$label_font_scale_factor" : 0.2300000041723251,
      "$label_font_size" : "small",
      "$label_layer" : 3,
      "$label_offset" : [ 0, 0 ],
      "$label_text" : "",
      "$nine_slice_buttom" : 0,
      "$nine_slice_left" : 0,
      "$nine_slice_right" : 0,
      "$nine_slice_top" : 0,
      "$nineslice_size" : [ 0, 0, 0, 0 ],
      "$pressed_button_name" : "%GUI.click",
      "$pressed_texture" : "textures/ui/richc",
      "$texture_layer" : 2,
      "anchor_from" : "top_left",
      "anchor_to" : "top_left",
      "bindings" : [
         {
            "binding_collection_name" : "",
            "binding_condition" : "always_when_visible",
            "binding_type" : "collection_details"
         }
      ],
      "button_mappings" : [],
      "controls" : [
         {
            "default@GUI.default" : {}
         },
         {
            "hover@GUI.hover" : {}
         },
         {
            "pressed@GUI.pressed" : {}
         },
         {
            "button_label@GUI.button_label" : {}
         }
      ],
      "default_control" : "default",
      "hover_control" : "hover",
      "is_handle_button_move_event" : true,
      "layer" : 2,
      "offset" : [ 140.0, 9.0 ],
      "pressed_control" : "pressed",
      "size" : [ 9.0, 10.0 ],
      "type" : "button",
      "visible" : true
   },
   "name" : {
      "anchor_from" : "top_left",
      "anchor_to" : "top_left",
      "color" : [ 1, 1, 1 ],
      "font_scale_factor" : 0.6999999880790710,
      "font_size" : "normal",
      "font_type" : "smooth",
      "layer" : 1,
      "offset" : [ 24.0, 5.0 ],
      "shadow" : false,
      "size" : [ 100.0, 6.0 ],
      "text" : "药水哥",
      "text_alignment" : "left",
      "type" : "label",
      "visible" : true
   },
   "namespace" : "GUI",
   "plate" : {
      "anchor_from" : "top_left",
      "anchor_to" : "top_left",
      "is_new_nine_slice" : false,
      "layer" : 1,
      "nine_slice_buttom" : 0,
      "nine_slice_left" : 0,
      "nine_slice_right" : 0,
      "nine_slice_top" : 0,
      "nineslice_size" : [ 0, 0, 0, 0 ],
      "offset" : [ 24.0, 11.0 ],
      "size" : [ 24.0, 8.0 ],
      "texture" : "textures/ui/w3h1",
      "type" : "image",
      "uv" : [ 0, 0 ],
      "uv_size" : [ 0, 0 ],
      "visible" : true
   },
   "pressed" : {
      "is_new_nine_slice" : "$is_new_nine_slice",
      "layer" : "$texture_layer",
      "nine_slice_buttom" : "$nine_slice_buttom",
      "nine_slice_left" : "$nine_slice_left",
      "nine_slice_right" : "$nine_slice_right",
      "nine_slice_top" : "$nine_slice_top",
      "nineslice_size" : "$nineslice_size",
      "texture" : "$pressed_texture",
      "type" : "image"
   },
   "primary@common.button" : {
      "$default_texture" : "textures/netease/common/button/default",
      "$hover_texture" : "textures/netease/common/button/hover",
      "$is_new_nine_slice" : true,
      "$label_color" : [ 1, 1, 1 ],
      "$label_font_scale_factor" : 1.0,
      "$label_font_size" : "large",
      "$label_layer" : 3,
      "$label_offset" : [ 0, 0 ],
      "$label_text" : "初级场",
      "$nine_slice_buttom" : 0,
      "$nine_slice_left" : 0,
      "$nine_slice_right" : 0,
      "$nine_slice_top" : 0,
      "$nineslice_size" : [ 0, 0, 0, 0 ],
      "$pressed_button_name" : "%GUI.click",
      "$pressed_texture" : "textures/netease/common/button/pressed",
      "$texture_layer" : 2,
      "anchor_from" : "center",
      "anchor_to" : "center",
      "bindings" : [
         {
            "binding_collection_name" : "",
            "binding_condition" : "always_when_visible",
            "binding_type" : "collection_details"
         }
      ],
      "button_mappings" : [],
      "controls" : [
         {
            "default@GUI.default" : {}
         },
         {
            "hover@GUI.hover" : {}
         },
         {
            "pressed@GUI.pressed" : {}
         },
         {
            "button_label@GUI.button_label" : {}
         }
      ],
      "default_control" : "default",
      "hover_control" : "hover",
      "is_handle_button_move_event" : true,
      "layer" : 1,
      "offset" : [ 0.0, "-16.0%+0.0px" ],
      "pressed_control" : "pressed",
      "size" : [ "24.0%+0.0px", "26.0%+0.0px" ],
      "type" : "button",
      "visible" : true
   },
   "psycho@common.button" : {
      "$default_texture" : "textures/netease/common/button/default",
      "$hover_texture" : "textures/netease/common/button/hover",
      "$is_new_nine_slice" : true,
      "$label_color" : [ 1, 1, 1 ],
      "$label_font_scale_factor" : 1.0,
      "$label_font_size" : "large",
      "$label_layer" : 3,
      "$label_offset" : [ 0, 0 ],
      "$label_text" : "顶级场",
      "$nine_slice_buttom" : 0,
      "$nine_slice_left" : 0,
      "$nine_slice_right" : 0,
      "$nine_slice_top" : 0,
      "$nineslice_size" : [ 0, 0, 0, 0 ],
      "$pressed_button_name" : "%GUI.click",
      "$pressed_texture" : "textures/netease/common/button/pressed",
      "$texture_layer" : 2,
      "anchor_from" : "center",
      "anchor_to" : "center",
      "bindings" : [
         {
            "binding_collection_name" : "",
            "binding_condition" : "always_when_visible",
            "binding_type" : "collection_details"
         }
      ],
      "button_mappings" : [],
      "controls" : [
         {
            "default@GUI.default" : {}
         },
         {
            "hover@GUI.hover" : {}
         },
         {
            "pressed@GUI.pressed" : {}
         },
         {
            "button_label@GUI.button_label" : {}
         }
      ],
      "default_control" : "default",
      "hover_control" : "hover",
      "is_handle_button_move_event" : true,
      "layer" : 1,
      "offset" : [ "31.0%+0.0px", "16.0%+0.0px" ],
      "pressed_control" : "pressed",
      "size" : [ "24.0%+0.0px", "26.0%+0.0px" ],
      "type" : "button",
      "visible" : true
   },
   "rank" : {
      "anchor_from" : "top_left",
      "anchor_to" : "top_left",
      "is_new_nine_slice" : false,
      "layer" : 1,
      "nine_slice_buttom" : 0,
      "nine_slice_left" : 0,
      "nine_slice_right" : 0,
      "nine_slice_top" : 0,
      "nineslice_size" : [ 0, 0, 0, 0 ],
      "offset" : [ 23.0, 13.0 ],
      "size" : [ 21.0, 7.0 ],
      "texture" : "textures/ui/w3h1",
      "type" : "image",
      "uv" : [ 0, 0 ],
      "uv_size" : [ 0, 0 ],
      "visible" : true
   },
   "real" : {
      "anchor_from" : "top_left",
      "anchor_to" : "top_left",
      "color" : [ 1, 1, 1 ],
      "font_scale_factor" : 0.5899999737739563,
      "font_size" : "normal",
      "font_type" : "smooth",
      "layer" : 2,
      "offset" : [ 91.0, 10.0 ],
      "shadow" : false,
      "size" : [ 39.0, 5.0 ],
      "text" : "3000",
      "text_alignment" : "left",
      "type" : "label",
      "visible" : true
   },
   "rec@common.button" : {
      "$default_texture" : "textures/ui/rec",
      "$hover_texture" : "textures/ui/recc",
      "$is_new_nine_slice" : false,
      "$label_color" : [ 1, 1, 1 ],
      "$label_font_scale_factor" : 0.2300000041723251,
      "$label_font_size" : "small",
      "$label_layer" : 3,
      "$label_offset" : [ 0, 0 ],
      "$label_text" : "",
      "$nine_slice_buttom" : 0,
      "$nine_slice_left" : 0,
      "$nine_slice_right" : 0,
      "$nine_slice_top" : 0,
      "$nineslice_size" : [ 0, 0, 0, 0 ],
      "$pressed_button_name" : "%GUI.click",
      "$pressed_texture" : "textures/ui/recc",
      "$texture_layer" : 2,
      "anchor_from" : "top_left",
      "anchor_to" : "top_left",
      "bindings" : [
         {
            "binding_collection_name" : "",
            "binding_condition" : "always_when_visible",
            "binding_type" : "collection_details"
         }
      ],
      "button_mappings" : [],
      "controls" : [
         {
            "default@GUI.default" : {}
         },
         {
            "hover@GUI.hover" : {}
         },
         {
            "pressed@GUI.pressed" : {}
         },
         {
            "button_label@GUI.button_label" : {}
         }
      ],
      "default_control" : "default",
      "hover_control" : "hover",
      "is_handle_button_move_event" : true,
      "layer" : 1,
      "offset" : [ 28.0, 4.0 ],
      "pressed_control" : "pressed",
      "size" : [ 20.0, 20.0 ],
      "type" : "button",
      "visible" : true
   },
   "rich@common.button" : {
      "$default_texture" : "textures/ui/rich",
      "$hover_texture" : "textures/ui/richc",
      "$is_new_nine_slice" : false,
      "$label_color" : [ 1, 1, 1 ],
      "$label_font_scale_factor" : 0.2300000041723251,
      "$label_font_size" : "small",
      "$label_layer" : 3,
      "$label_offset" : [ 0, 0 ],
      "$label_text" : "",
      "$nine_slice_buttom" : 0,
      "$nine_slice_left" : 0,
      "$nine_slice_right" : 0,
      "$nine_slice_top" : 0,
      "$nineslice_size" : [ 0, 0, 0, 0 ],
      "$pressed_button_name" : "%GUI.click",
      "$pressed_texture" : "textures/ui/richc",
      "$texture_layer" : 2,
      "anchor_from" : "top_left",
      "anchor_to" : "top_left",
      "bindings" : [
         {
            "binding_collection_name" : "",
            "binding_condition" : "always_when_visible",
            "binding_type" : "collection_details"
         }
      ],
      "button_mappings" : [],
      "controls" : [
         {
            "default@GUI.default" : {}
         },
         {
            "hover@GUI.hover" : {}
         },
         {
            "pressed@GUI.pressed" : {}
         },
         {
            "button_label@GUI.button_label" : {}
         }
      ],
      "default_control" : "default",
      "hover_control" : "hover",
      "is_handle_button_move_event" : true,
      "layer" : 2,
      "offset" : [ 117.0, 8.0 ],
      "pressed_control" : "pressed",
      "size" : [ 9.0, 10.0 ],
      "type" : "button",
      "visible" : true
   },
   "rookie@common.button" : {
      "$default_texture" : "textures/netease/common/button/default",
      "$hover_texture" : "textures/netease/common/button/hover",
      "$is_new_nine_slice" : true,
      "$label_color" : [ 1, 1, 1 ],
      "$label_font_scale_factor" : 1.0,
      "$label_font_size" : "large",
      "$label_layer" : 3,
      "$label_offset" : [ 0, 0 ],
      "$label_text" : "新手场",
      "$nine_slice_buttom" : 0,
      "$nine_slice_left" : 0,
      "$nine_slice_right" : 0,
      "$nine_slice_top" : 0,
      "$nineslice_size" : [ 0, 0, 0, 0 ],
      "$pressed_button_name" : "%GUI.click",
      "$pressed_texture" : "textures/netease/common/button/pressed",
      "$texture_layer" : 2,
      "anchor_from" : "center",
      "anchor_to" : "center",
      "bindings" : [
         {
            "binding_collection_name" : "",
            "binding_condition" : "always_when_visible",
            "binding_type" : "collection_details"
         }
      ],
      "button_mappings" : [],
      "controls" : [
         {
            "default@GUI.default" : {}
         },
         {
            "hover@GUI.hover" : {}
         },
         {
            "pressed@GUI.pressed" : {}
         },
         {
            "button_label@GUI.button_label" : {}
         }
      ],
      "default_control" : "default",
      "hover_control" : "hover",
      "is_handle_button_move_event" : true,
      "layer" : 1,
      "offset" : [ "-31.0%+0.0px", "-16.0%+0.0px" ],
      "pressed_control" : "pressed",
      "size" : [ "24.0%+0.0px", "26.0%+0.0px" ],
      "type" : "button",
      "visible" : true
   },
   "room" : {
      "anchor_from" : "center",
      "anchor_to" : "center",
      "controls" : [
         {
            "leave@GUI.leave" : {}
         },
         {
            "rec@GUI.rec" : {}
         },
         {
            "menu@GUI.menu" : {}
         },
         {
            "change@GUI.change" : {}
         },
         {
            "bot@GUI.bot" : {}
         },
         {
            "match@GUI.match" : {}
         },
         {
            "tag@GUI.tag" : {}
         }
      ],
      "layer" : 1,
      "offset" : [ 0, 0 ],
      "size" : [ "100.0%+0.0px", "100.0%+0.0px" ],
      "type" : "panel",
      "visible" : true
   },
   "senior@common.button" : {
      "$default_texture" : "textures/netease/common/button/default",
      "$hover_texture" : "textures/netease/common/button/hover",
      "$is_new_nine_slice" : true,
      "$label_color" : [ 1, 1, 1 ],
      "$label_font_scale_factor" : 1.0,
      "$label_font_size" : "large",
      "$label_layer" : 3,
      "$label_offset" : [ 0, 0 ],
      "$label_text" : "中级场",
      "$nine_slice_buttom" : 0,
      "$nine_slice_left" : 0,
      "$nine_slice_right" : 0,
      "$nine_slice_top" : 0,
      "$nineslice_size" : [ 0, 0, 0, 0 ],
      "$pressed_button_name" : "%GUI.click",
      "$pressed_texture" : "textures/netease/common/button/pressed",
      "$texture_layer" : 2,
      "anchor_from" : "center",
      "anchor_to" : "center",
      "bindings" : [
         {
            "binding_collection_name" : "",
            "binding_condition" : "always_when_visible",
            "binding_type" : "collection_details"
         }
      ],
      "button_mappings" : [],
      "controls" : [
         {
            "default@GUI.default" : {}
         },
         {
            "hover@GUI.hover" : {}
         },
         {
            "pressed@GUI.pressed" : {}
         },
         {
            "button_label@GUI.button_label" : {}
         }
      ],
      "default_control" : "default",
      "hover_control" : "hover",
      "is_handle_button_move_event" : true,
      "layer" : 1,
      "offset" : [ "-31.0%+0.0px", "16.0%+0.0px" ],
      "pressed_control" : "pressed",
      "size" : [ "24.0%+0.0px", "26.0%+0.0px" ],
      "type" : "button",
      "visible" : true
   },
   "shorty" : {
      "anchor_from" : "top_left",
      "anchor_to" : "top_left",
      "color" : [ 1, 1, 1 ],
      "font_scale_factor" : 0.6999999880790710,
      "font_size" : "normal",
      "font_type" : "smooth",
      "layer" : 1,
      "offset" : [ 50.0, 11.0 ],
      "shadow" : false,
      "size" : [ 46.0, 6.0 ],
      "text" : "故意只显示七个字",
      "text_alignment" : "left",
      "type" : "label",
      "visible" : true
   },
   "single@common.button" : {
      "$default_texture" : "textures/netease/common/button/default",
      "$hover_texture" : "textures/netease/common/button/hover",
      "$is_new_nine_slice" : true,
      "$label_color" : [ 1, 1, 1 ],
      "$label_font_scale_factor" : 1.0,
      "$label_font_size" : "large",
      "$label_layer" : 3,
      "$label_offset" : [ 0, 0 ],
      "$label_text" : "单人模式",
      "$nine_slice_buttom" : 0,
      "$nine_slice_left" : 0,
      "$nine_slice_right" : 0,
      "$nine_slice_top" : 0,
      "$nineslice_size" : [ 0, 0, 0, 0 ],
      "$pressed_button_name" : "%GUI.click",
      "$pressed_texture" : "textures/netease/common/button/pressed",
      "$texture_layer" : 2,
      "anchor_from" : "center",
      "anchor_to" : "center",
      "bindings" : [
         {
            "binding_collection_name" : "",
            "binding_condition" : "always_when_visible",
            "binding_type" : "collection_details"
         }
      ],
      "button_mappings" : [],
      "controls" : [
         {
            "default@GUI.default" : {}
         },
         {
            "hover@GUI.hover" : {}
         },
         {
            "pressed@GUI.pressed" : {}
         },
         {
            "button_label@GUI.button_label" : {}
         }
      ],
      "default_control" : "default",
      "hover_control" : "hover",
      "is_handle_button_move_event" : true,
      "layer" : 1,
      "offset" : [ "20.0%+0.0px", "1.0%+0.0px" ],
      "pressed_control" : "pressed",
      "size" : [ "40.0%+0.0px", "77.0%+0.0px" ],
      "type" : "button",
      "visible" : true
   },
   "slot" : {
      "anchor_from" : "top_left",
      "anchor_to" : "top_left",
      "is_new_nine_slice" : true,
      "layer" : 1,
      "nine_slice_buttom" : 1,
      "nine_slice_left" : 0,
      "nine_slice_right" : 0,
      "nine_slice_top" : 1,
      "nineslice_size" : [ 0, 0, 0, 0 ],
      "offset" : [ 75.0, 7.0 ],
      "size" : [ 51.0, 11.0 ],
      "texture" : "textures/ui/slot",
      "type" : "image",
      "uv" : [ 0, 0 ],
      "uv_size" : [ 0, 0 ],
      "visible" : true
   },
   "tag" : {
      "anchor_from" : "bottom_right",
      "anchor_to" : "bottom_right",
      "controls" : [
         {
            "fee@GUI.fee" : {}
         },
         {
            "utmost@GUI.utmost" : {}
         }
      ],
      "is_new_nine_slice" : false,
      "layer" : 1,
      "nine_slice_buttom" : 0,
      "nine_slice_left" : 0,
      "nine_slice_right" : 0,
      "nine_slice_top" : 0,
      "nineslice_size" : [ 0, 0, 0, 0 ],
      "offset" : [ -3.0, 0.0 ],
      "size" : [ 50.0, 80.0 ],
      "texture" : "textures/ui/tag",
      "type" : "image",
      "uv" : [ 0, 0 ],
      "uv_size" : [ 0, 0 ],
      "visible" : true
   },
   "times" : {
      "anchor_from" : "top_right",
      "anchor_to" : "top_right",
      "color" : [ 1, 1, 1 ],
      "font_scale_factor" : 0.5899999737739563,
      "font_size" : "normal",
      "font_type" : "smooth",
      "layer" : 2,
      "offset" : [ -66.0, 11.0 ],
      "shadow" : false,
      "size" : [ 34.0, 5.0 ],
      "text" : "0",
      "text_alignment" : "center",
      "type" : "label",
      "visible" : true
   },
   "toolbar" : {
      "anchor_from" : "center",
      "anchor_to" : "center",
      "layer" : 1,
      "offset" : [ 0, 0 ],
      "size" : [ "100.0%+0.0px", "100.0%+0.0px" ],
      "type" : "panel",
      "visible" : false
   },
   "top" : {
      "anchor_from" : "top_left",
      "anchor_to" : "top_left",
      "controls" : [
         {
            "head@GUI.head" : {}
         },
         {
            "name@GUI.name" : {}
         },
         {
            "rank@GUI.rank" : {}
         },
         {
            "slot@GUI.slot" : {}
         },
         {
            "coin@GUI.coin" : {}
         },
         {
            "real@GUI.real" : {}
         },
         {
            "rich@GUI.rich" : {}
         }
      ],
      "is_new_nine_slice" : false,
      "layer" : 1,
      "nine_slice_buttom" : 4,
      "nine_slice_left" : 4,
      "nine_slice_right" : 4,
      "nine_slice_top" : 4,
      "nineslice_size" : [ 4, 4, 4, 4 ],
      "offset" : [ 0, 0 ],
      "size" : [ 200.0, 25.0 ],
      "texture" : "textures/ui/top",
      "type" : "image",
      "uv" : [ 0, 0 ],
      "uv_size" : [ 0, 0 ],
      "visible" : false
   },
   "tournament@common.button" : {
      "$default_texture" : "textures/netease/common/button/default",
      "$hover_texture" : "textures/netease/common/button/hover",
      "$is_new_nine_slice" : true,
      "$label_color" : [ 1, 1, 1 ],
      "$label_font_scale_factor" : 1.0,
      "$label_font_size" : "large",
      "$label_layer" : 3,
      "$label_offset" : [ 0, 0 ],
      "$label_text" : "挑战赛",
      "$nine_slice_buttom" : 0,
      "$nine_slice_left" : 0,
      "$nine_slice_right" : 0,
      "$nine_slice_top" : 0,
      "$nineslice_size" : [ 0, 0, 0, 0 ],
      "$pressed_button_name" : "%GUI.click",
      "$pressed_texture" : "textures/netease/common/button/pressed",
      "$texture_layer" : 2,
      "anchor_from" : "center",
      "anchor_to" : "center",
      "bindings" : [
         {
            "binding_collection_name" : "",
            "binding_condition" : "always_when_visible",
            "binding_type" : "collection_details"
         }
      ],
      "button_mappings" : [],
      "controls" : [
         {
            "default@GUI.default" : {}
         },
         {
            "hover@GUI.hover" : {}
         },
         {
            "pressed@GUI.pressed" : {}
         },
         {
            "button_label@GUI.button_label" : {}
         }
      ],
      "default_control" : "default",
      "hover_control" : "hover",
      "is_handle_button_move_event" : true,
      "layer" : 1,
      "offset" : [ "30.0%+0.0px", 0.0 ],
      "pressed_control" : "pressed",
      "size" : [ "30.0%+0.0px", "77.0%+0.0px" ],
      "type" : "button",
      "visible" : true
   },
   "tray" : {
      "anchor_from" : "top_right",
      "anchor_to" : "top_right",
      "is_new_nine_slice" : true,
      "layer" : 1,
      "nine_slice_buttom" : 1,
      "nine_slice_left" : 0,
      "nine_slice_right" : 0,
      "nine_slice_top" : 1,
      "nineslice_size" : [ 0, 0, 0, 0 ],
      "offset" : [ -60.0, 8.0 ],
      "size" : [ 51.0, 11.0 ],
      "texture" : "textures/ui/slot",
      "type" : "image",
      "uv" : [ 0, 0 ],
      "uv_size" : [ 0, 0 ],
      "visible" : true
   },
   "utmost" : {
      "anchor_from" : "top_left",
      "anchor_to" : "top_left",
      "color" : [ 1, 1, 1 ],
      "font_scale_factor" : 0.6999999880790710,
      "font_size" : "normal",
      "font_type" : "smooth",
      "layer" : 1,
      "offset" : [ 25.0, 42.0 ],
      "shadow" : false,
      "size" : [ 18.0, 6.0 ],
      "text" : "4396",
      "text_alignment" : "center",
      "type" : "label",
      "visible" : true
   },
   "variant@common.button" : {
      "$default_texture" : "textures/netease/common/button/default",
      "$hover_texture" : "textures/netease/common/button/hover",
      "$is_new_nine_slice" : true,
      "$label_color" : [ 1, 1, 1 ],
      "$label_font_scale_factor" : 1.0,
      "$label_font_size" : "large",
      "$label_layer" : 3,
      "$label_offset" : [ 0, 0 ],
      "$label_text" : "癞子玩法",
      "$nine_slice_buttom" : 0,
      "$nine_slice_left" : 0,
      "$nine_slice_right" : 0,
      "$nine_slice_top" : 0,
      "$nineslice_size" : [ 0, 0, 0, 0 ],
      "$pressed_button_name" : "%GUI.click",
      "$pressed_texture" : "textures/netease/common/button/pressed",
      "$texture_layer" : 2,
      "anchor_from" : "center",
      "anchor_to" : "center",
      "bindings" : [
         {
            "binding_collection_name" : "",
            "binding_condition" : "always_when_visible",
            "binding_type" : "collection_details"
         }
      ],
      "button_mappings" : [],
      "controls" : [
         {
            "default@GUI.default" : {}
         },
         {
            "hover@GUI.hover" : {}
         },
         {
            "pressed@GUI.pressed" : {}
         },
         {
            "button_label@GUI.button_label" : {}
         }
      ],
      "default_control" : "default",
      "hover_control" : "hover",
      "is_handle_button_move_event" : true,
      "layer" : 1,
      "offset" : [ 0.0, 0.0 ],
      "pressed_control" : "pressed",
      "size" : [ "30.0%+0.0px", "77.0%+0.0px" ],
      "type" : "button",
      "visible" : true
   }
}
