{
   "balance" : {
      "anchor_from" : "top_left",
      "anchor_to" : "top_left",
      "color" : [ 1, 1, 1 ],
      "font_scale_factor" : 0.5899999737739563,
      "font_size" : "normal",
      "font_type" : "smooth",
      "layer" : 2,
      "offset" : [ 114.0, 11.0 ],
      "shadow" : false,
      "size" : [ 39.0, 5.0 ],
      "text" : "3000",
      "text_alignment" : "left",
      "type" : "label",
      "visible" : true
   },
   "bot@common.button" : {
      "$default_texture" : "textures/ui/bot",
      "$hover_texture" : "textures/ui/botc",
      "$is_new_nine_slice" : false,
      "$label_color" : [ 1, 1, 1 ],
      "$label_font_scale_factor" : 0.2300000041723251,
      "$label_font_size" : "small",
      "$label_layer" : 3,
      "$label_offset" : [ 0, 0 ],
      "$label_text" : "",
      "$nine_slice_buttom" : 0,
      "$nine_slice_left" : 0,
      "$nine_slice_right" : 0,
      "$nine_slice_top" : 0,
      "$nineslice_size" : [ 0, 0, 0, 0 ],
      "$pressed_button_name" : "%GUI.click",
      "$pressed_texture" : "textures/ui/botc",
      "$texture_layer" : 2,
      "anchor_from" : "top_right",
      "anchor_to" : "top_right",
      "bindings" : [
         {
            "binding_collection_name" : "",
            "binding_condition" : "always_when_visible",
            "binding_type" : "collection_details"
         }
      ],
      "button_mappings" : [],
      "controls" : [
         {
            "default@GUI.default" : {}
         },
         {
            "hover@GUI.hover" : {}
         },
         {
            "pressed@GUI.pressed" : {}
         },
         {
            "button_label@GUI.button_label" : {}
         }
      ],
      "default_control" : "default",
      "hover_control" : "hover",
      "is_handle_button_move_event" : true,
      "layer" : 444,
      "offset" : [ -28.0, 4.0 ],
      "pressed_control" : "pressed",
      "size" : [ 20.0, 20.0 ],
      "type" : "button",
      "visible" : true
   },
   "bottom" : {
      "anchor_from" : "bottom_left",
      "anchor_to" : "bottom_left",
      "controls" : [
         {
            "toolbar@GUI.toolbar" : {}
         },
         {
            "infobar@GUI.infobar" : {}
         }
      ],
      "layer" : 1,
      "offset" : [ 0, 0 ],
      "size" : [ "100.0%+0.0px", 20.0 ],
      "type" : "panel",
      "visible" : true
   },
   "bubble" : {
      "anchor_from" : "center",
      "anchor_to" : "center",
      "is_new_nine_slice" : false,
      "layer" : 4,
      "nine_slice_buttom" : 0,
      "nine_slice_left" : 0,
      "nine_slice_right" : 0,
      "nine_slice_top" : 0,
      "nineslice_size" : [ 0, 0, 0, 0 ],
      "offset" : [ 0.0, 0.0 ],
      "size" : [ 16.0, 16.0 ],
      "texture" : "textures/ui/bubble",
      "type" : "image",
      "uv" : [ 0, 0 ],
      "uv_size" : [ 0, 0 ],
      "visible" : true
   },
   "bullshit@common.button" : {
      "$default_texture" : "textures/ui/bullshit",
      "$hover_texture" : "textures/ui/bullshitc",
      "$is_new_nine_slice" : false,
      "$label_color" : [ 1, 1, 1 ],
      "$label_font_scale_factor" : 0.2300000041723251,
      "$label_font_size" : "small",
      "$label_layer" : 3,
      "$label_offset" : [ 0, 0 ],
      "$label_text" : "",
      "$nine_slice_buttom" : 4,
      "$nine_slice_left" : 4,
      "$nine_slice_right" : 4,
      "$nine_slice_top" : 4,
      "$nineslice_size" : [ 4, 4, 4, 4 ],
      "$pressed_button_name" : "%GUI.click",
      "$pressed_texture" : "textures/ui/bullshitc",
      "$texture_layer" : 2,
      "anchor_from" : "top_right",
      "anchor_to" : "top_right",
      "bindings" : [
         {
            "binding_collection_name" : "",
            "binding_condition" : "always_when_visible",
            "binding_type" : "collection_details"
         }
      ],
      "button_mappings" : [],
      "controls" : [
         {
            "default@GUI.default" : {}
         },
         {
            "hover@GUI.hover" : {}
         },
         {
            "pressed@GUI.pressed" : {}
         },
         {
            "button_label@GUI.button_label" : {}
         },
         {
            "bubble@GUI.bubble" : {}
         }
      ],
      "default_control" : "default",
      "hover_control" : "hover",
      "is_handle_button_move_event" : true,
      "layer" : 1,
      "offset" : [ 0.0, 0.0 ],
      "pressed_control" : "pressed",
      "size" : [ 40.0, "100.0%+0.0px" ],
      "type" : "button",
      "visible" : true
   },
   "button_label" : {
      "color" : "$label_color",
      "font_scale_factor" : "$label_font_scale_factor",
      "font_size" : "$label_font_size",
      "font_type" : "smooth",
      "layer" : "$label_layer",
      "max_size" : [ "100%", "100%" ],
      "offset" : "$label_offset",
      "shadow" : false,
      "text" : "$label_text",
      "text_alignment" : "center",
      "type" : "label"
   },
   "c" : {
      "anchor_from" : "center",
      "anchor_to" : "center",
      "controls" : [
         {
            "classical@GUI.classical" : {}
         },
         {
            "variant@GUI.variant" : {}
         },
         {
            "tournament@GUI.tournament" : {}
         }
      ],
      "layer" : 1,
      "offset" : [ 0, 0 ],
      "size" : [ "100.0%+0.0px", "100.0%+0.0px" ],
      "type" : "panel",
      "visible" : false
   },
   "c-c" : {
      "anchor_from" : "center",
      "anchor_to" : "center",
      "controls" : [
         {
            "rookie@GUI.rookie" : {}
         },
         {
            "primary@GUI.primary" : {}
         },
         {
            "junior@GUI.junior" : {}
         },
         {
            "senior@GUI.senior" : {}
         },
         {
            "major@GUI.major" : {}
         },
         {
            "psycho@GUI.psycho" : {}
         }
      ],
      "layer" : 1,
      "offset" : [ 0, 0 ],
      "size" : [ "100.0%+0.0px", "100.0%+0.0px" ],
      "type" : "panel",
      "visible" : false
   },
   "casket" : {
      "anchor_from" : "top_left",
      "anchor_to" : "top_left",
      "is_new_nine_slice" : true,
      "layer" : 1,
      "nine_slice_buttom" : 1,
      "nine_slice_left" : 0,
      "nine_slice_right" : 0,
      "nine_slice_top" : 1,
      "nineslice_size" : [ 0, 0, 0, 0 ],
      "offset" : [ 98.0, 8.0 ],
      "size" : [ 51.0, 11.0 ],
      "texture" : "textures/ui/slot",
      "type" : "image",
      "uv" : [ 0, 0 ],
      "uv_size" : [ 0, 0 ],
      "visible" : true
   },
   "change@common.button" : {
      "$default_texture" : "textures/ui/change",
      "$hover_texture" : "textures/ui/changec",
      "$is_new_nine_slice" : false,
      "$label_color" : [ 1, 1, 1 ],
      "$label_font_scale_factor" : 0.2300000041723251,
      "$label_font_size" : "small",
      "$label_layer" : 3,
      "$label_offset" : [ 0, 0 ],
      "$label_text" : "",
      "$nine_slice_buttom" : 0,
      "$nine_slice_left" : 0,
      "$nine_slice_right" : 0,
      "$nine_slice_top" : 0,
      "$nineslice_size" : [ 0, 0, 0, 0 ],
      "$pressed_button_name" : "%GUI.click",
      "$pressed_texture" : "textures/ui/changec",
      "$texture_layer" : 2,
      "anchor_from" : "top_right",
      "anchor_to" : "top_right",
      "bindings" : [
         {
            "binding_collection_name" : "",
            "binding_condition" : "always_when_visible",
            "binding_type" : "collection_details"
         }
      ],
      "button_mappings" : [],
      "controls" : [
         {
            "default@GUI.default" : {}
         },
         {
            "hover@GUI.hover" : {}
         },
         {
            "pressed@GUI.pressed" : {}
         },
         {
            "button_label@GUI.button_label" : {}
         }
      ],
      "default_control" : "default",
      "hover_control" : "hover",
      "is_handle_button_move_event" : true,
      "layer" : 444,
      "offset" : [ -28.0, 4.0 ],
      "pressed_control" : "pressed",
      "size" : [ 20.0, 20.0 ],
      "type" : "button",
      "visible" : false
   },
   "chart@common.button" : {
      "$default_texture" : "textures/ui/chart",
      "$hover_texture" : "textures/ui/chartc",
      "$is_new_nine_slice" : false,
      "$label_color" : [ 1, 1, 1 ],
      "$label_font_scale_factor" : 0.2300000041723251,
      "$label_font_size" : "small",
      "$label_layer" : 3,
      "$label_offset" : [ 0, 0 ],
      "$label_text" : "",
      "$nine_slice_buttom" : 0,
      "$nine_slice_left" : 0,
      "$nine_slice_right" : 0,
      "$nine_slice_top" : 0,
      "$nineslice_size" : [ 0, 0, 0, 0 ],
      "$pressed_button_name" : "%GUI.click",
      "$pressed_texture" : "textures/ui/chartc",
      "$texture_layer" : 2,
      "anchor_from" : "top_right",
      "anchor_to" : "top_right",
      "bindings" : [
         {
            "binding_collection_name" : "",
            "binding_condition" : "always_when_visible",
            "binding_type" : "collection_details"
         }
      ],
      "button_mappings" : [],
      "controls" : [
         {
            "default@GUI.default" : {}
         },
         {
            "hover@GUI.hover" : {}
         },
         {
            "pressed@GUI.pressed" : {}
         },
         {
            "button_label@GUI.button_label" : {}
         }
      ],
      "default_control" : "default",
      "hover_control" : "hover",
      "is_handle_button_move_event" : true,
      "layer" : 2,
      "offset" : [ -100.0, 9.0 ],
      "pressed_control" : "pressed",
      "size" : [ 9.0, 9.0 ],
      "type" : "button",
      "visible" : true
   },
   "classic@common.button" : {
      "$default_texture" : "textures/netease/common/button/default",
      "$hover_texture" : "textures/netease/common/button/hover",
      "$is_new_nine_slice" : true,
      "$label_color" : [ 1, 1, 1 ],
      "$label_font_scale_factor" : 1.0,
      "$label_font_size" : "large",
      "$label_layer" : 3,
      "$label_offset" : [ 0, 0 ],
      "$label_text" : "经典模式",
      "$nine_slice_buttom" : 0,
      "$nine_slice_left" : 0,
      "$nine_slice_right" : 0,
      "$nine_slice_top" : 0,
      "$nineslice_size" : [ 0, 0, 0, 0 ],
      "$pressed_button_name" : "%GUI.click",
      "$pressed_texture" : "textures/netease/common/button/pressed",
      "$texture_layer" : 2,
      "anchor_from" : "center",
      "anchor_to" : "center",
      "bindings" : [
         {
            "binding_collection_name" : "",
            "binding_condition" : "always_when_visible",
            "binding_type" : "collection_details"
         }
      ],
      "button_mappings" : [],
      "controls" : [
         {
            "default@GUI.default" : {}
         },
         {
            "hover@GUI.hover" : {}
         },
         {
            "pressed@GUI.pressed" : {}
         },
         {
            "button_label@GUI.button_label" : {}
         }
      ],
      "default_control" : "default",
      "hover_control" : "hover",
      "is_handle_button_move_event" : true,
      "layer" : 1,
      "offset" : [ "-20.0%+0.0px", "1.0%+0.0px" ],
      "pressed_control" : "pressed",
      "size" : [ "40.0%+0.0px", "77.0%+0.0px" ],
      "type" : "button",
      "visible" : true
   },
   "classical@common.button" : {
      "$default_texture" : "textures/netease/common/button/default",
      "$hover_texture" : "textures/netease/common/button/hover",
      "$is_new_nine_slice" : true,
      "$label_color" : [ 1, 1, 1 ],
      "$label_font_scale_factor" : 1.0,
      "$label_font_size" : "large",
      "$label_layer" : 3,
      "$label_offset" : [ 0, 0 ],
      "$label_text" : "经典玩法",
      "$nine_slice_buttom" : 0,
      "$nine_slice_left" : 0,
      "$nine_slice_right" : 0,
      "$nine_slice_top" : 0,
      "$nineslice_size" : [ 0, 0, 0, 0 ],
      "$pressed_button_name" : "%GUI.click",
      "$pressed_texture" : "textures/netease/common/button/pressed",
      "$texture_layer" : 2,
      "anchor_from" : "center",
      "anchor_to" : "center",
      "bindings" : [
         {
            "binding_collection_name" : "",
            "binding_condition" : "always_when_visible",
            "binding_type" : "collection_details"
         }
      ],
      "button_mappings" : [],
      "controls" : [
         {
            "default@GUI.default" : {}
         },
         {
            "hover@GUI.hover" : {}
         },
         {
            "pressed@GUI.pressed" : {}
         },
         {
            "button_label@GUI.button_label" : {}
         }
      ],
      "default_control" : "default",
      "hover_control" : "hover",
      "is_handle_button_move_event" : true,
      "layer" : 1,
      "offset" : [ "-30.0%+0.0px", 0.0 ],
      "pressed_control" : "pressed",
      "size" : [ "30.0%+0.0px", "77.0%+0.0px" ],
      "type" : "button",
      "visible" : true
   },
   "coin" : {
      "anchor_from" : "top_left",
      "anchor_to" : "top_left",
      "is_new_nine_slice" : false,
      "layer" : 2,
      "nine_slice_buttom" : 0,
      "nine_slice_left" : 0,
      "nine_slice_right" : 0,
      "nine_slice_top" : 0,
      "nineslice_size" : [ 0, 0, 0, 0 ],
      "offset" : [ 77.0, 8.0 ],
      "size" : [ 9.0, 9.0 ],
      "texture" : "textures/ui/w1h1",
      "type" : "image",
      "uv" : [ 0, 0 ],
      "uv_size" : [ 0, 0 ],
      "visible" : true
   },
   "count" : {
      "anchor_from" : "top_left",
      "anchor_to" : "top_left",
      "color" : [ 1, 1, 1 ],
      "font_scale_factor" : 0.5899999737739563,
      "font_size" : "normal",
      "font_type" : "smooth",
      "layer" : 1,
      "offset" : [ 2.0, 4.0 ],
      "shadow" : false,
      "size" : [ 8.0, 5.0 ],
      "text" : "10",
      "text_alignment" : "center",
      "type" : "label",
      "visible" : true
   },
   "court" : {
      "anchor_from" : "center",
      "anchor_to" : "center",
      "controls" : [
         {
            "m@GUI.m" : {}
         },
         {
            "l@GUI.l" : {}
         },
         {
            "r@GUI.r" : {}
         }
      ],
      "layer" : 1,
      "offset" : [ 0, 0 ],
      "size" : [ "100.0%+0.0px", "100.0%+0.0px" ],
      "type" : "panel",
      "visible" : true
   },
   "debut" : {
      "anchor_from" : "center",
      "anchor_to" : "center",
      "controls" : [
         {
            "classic@GUI.classic" : {}
         },
         {
            "single@GUI.single" : {}
         }
      ],
      "layer" : 1,
      "offset" : [ 0, 0 ],
      "size" : [ "100.0%+0.0px", "100.0%+0.0px" ],
      "type" : "panel",
      "visible" : true
   },
   "default" : {
      "is_new_nine_slice" : "$is_new_nine_slice",
      "layer" : "$texture_layer",
      "nine_slice_buttom" : "$nine_slice_buttom",
      "nine_slice_left" : "$nine_slice_left",
      "nine_slice_right" : "$nine_slice_right",
      "nine_slice_top" : "$nine_slice_top",
      "nineslice_size" : "$nineslice_size",
      "texture" : "$default_texture",
      "type" : "image"
   },
   "fee" : {
      "anchor_from" : "top_left",
      "anchor_to" : "top_left",
      "color" : [ 1, 1, 1 ],
      "font_scale_factor" : 0.6999999880790710,
      "font_size" : "normal",
      "font_type" : "smooth",
      "layer" : 1,
      "offset" : [ 25.0, 29.0 ],
      "shadow" : false,
      "size" : [ 18.0, 6.0 ],
      "text" : "2200",
      "text_alignment" : "center",
      "type" : "label",
      "visible" : true
   },
   "flip" : {
      "anchor_from" : "center",
      "anchor_to" : "center",
      "controls" : [
         {
            "debut@GUI.debut" : {}
         },
         {
            "c@GUI.c" : {}
         },
         {
            "c-c@GUI.c-c" : {}
         }
      ],
      "layer" : 1,
      "offset" : [ 0, 0 ],
      "size" : [ "100.0%+0.0px", "100.0%+0.0px" ],
      "type" : "panel",
      "visible" : false
   },
   "head@common.button" : {
      "$default_texture" : "textures/ui/Steve",
      "$hover_texture" : "textures/ui/Steve",
      "$is_new_nine_slice" : false,
      "$label_color" : [ 1, 1, 1 ],
      "$label_font_scale_factor" : 0.2300000041723251,
      "$label_font_size" : "small",
      "$label_layer" : 3,
      "$label_offset" : [ 0, 0 ],
      "$label_text" : "",
      "$nine_slice_buttom" : 0,
      "$nine_slice_left" : 0,
      "$nine_slice_right" : 0,
      "$nine_slice_top" : 0,
      "$nineslice_size" : [ 0, 0, 0, 0 ],
      "$pressed_button_name" : "%GUI.click",
      "$pressed_texture" : "textures/ui/Steve",
      "$texture_layer" : 2,
      "anchor_from" : "top_left",
      "anchor_to" : "top_left",
      "bindings" : [
         {
            "binding_collection_name" : "",
            "binding_condition" : "always_when_visible",
            "binding_type" : "collection_details"
         }
      ],
      "button_mappings" : [],
      "controls" : [
         {
            "default@GUI.default" : {}
         },
         {
            "hover@GUI.hover" : {}
         },
         {
            "pressed@GUI.pressed" : {}
         },
         {
            "button_label@GUI.button_label" : {}
         }
      ],
      "default_control" : "default",
      "hover_control" : "hover",
      "is_handle_button_move_event" : true,
      "layer" : 1,
      "offset" : [ 4.0, 4.0 ],
      "pressed_control" : "pressed",
      "size" : [ 16.0, 16.0 ],
      "type" : "button",
      "visible" : true
   },
   "hover" : {
      "is_new_nine_slice" : "$is_new_nine_slice",
      "layer" : "$texture_layer",
      "nine_slice_buttom" : "$nine_slice_buttom",
      "nine_slice_left" : "$nine_slice_left",
      "nine_slice_right" : "$nine_slice_right",
      "nine_slice_top" : "$nine_slice_top",
      "nineslice_size" : "$nineslice_size",
      "texture" : "$hover_texture",
      "type" : "image"
   },
   "icon" : {
      "anchor_from" : "top_left",
      "anchor_to" : "top_left",
      "is_new_nine_slice" : false,
      "layer" : 1,
      "nine_slice_buttom" : 0,
      "nine_slice_left" : 0,
      "nine_slice_right" : 0,
      "nine_slice_top" : 0,
      "nineslice_size" : [ 0, 0, 0, 0 ],
      "offset" : [ 4.0, 4.0 ],
      "size" : [ 16.0, 16.0 ],
      "texture" : "textures/ui/Alex",
      "type" : "image",
      "uv" : [ 0, 0 ],
      "uv_size" : [ 0, 0 ],
      "visible" : true
   },
   "infobar" : {
      "anchor_from" : "bottom_right",
      "anchor_to" : "bottom_right",
      "controls" : [
         {
            "icon@GUI.icon" : {}
         },
         {
            "plate@GUI.plate" : {}
         },
         {
            "shorty@GUI.shorty" : {}
         },
         {
            "casket@GUI.casket" : {}
         },
         {
            "jetton@GUI.jetton" : {}
         },
         {
            "balance@GUI.balance" : {}
         },
         {
            "more@GUI.more" : {}
         },
         {
            "tray@GUI.tray" : {}
         },
         {
            "chart@GUI.chart" : {}
         },
         {
            "times@GUI.times" : {}
         },
         {
            "bullshit@GUI.bullshit" : {}
         }
      ],
      "is_new_nine_slice" : false,
      "layer" : 444,
      "nine_slice_buttom" : 4,
      "nine_slice_left" : 4,
      "nine_slice_right" : 4,
      "nine_slice_top" : 4,
      "nineslice_size" : [ 4, 4, 4, 4 ],
      "offset" : [ 0, 0 ],
      "size" : [ "100.0%+0.0px", 25.0 ],
      "texture" : "textures/ui/infobar",
      "type" : "image",
      "uv" : [ 0, 0 ],
      "uv_size" : [ 0, 0 ],
      "visible" : true
   },
   "jetton" : {
      "anchor_from" : "top_left",
      "anchor_to" : "top_left",
      "is_new_nine_slice" : false,
      "layer" : 2,
      "nine_slice_buttom" : 0,
      "nine_slice_left" : 0,
      "nine_slice_right" : 0,
      "nine_slice_top" : 0,
      "nineslice_size" : [ 0, 0, 0, 0 ],
      "offset" : [ 100.0, 9.0 ],
      "size" : [ 9.0, 9.0 ],
      "texture" : "textures/ui/w1h1",
      "type" : "image",
      "uv" : [ 0, 0 ],
      "uv_size" : [ 0, 0 ],
      "visible" : true
   },
   "junior@common.button" : {
      "$default_texture" : "textures/netease/common/button/default",
      "$hover_texture" : "textures/netease/common/button/hover",
      "$is_new_nine_slice" : true,
      "$label_color" : [ 1, 1, 1 ],
      "$label_font_scale_factor" : 1.0,
      "$label_font_size" : "large",
      "$label_layer" : 3,
      "$label_offset" : [ 0, 0 ],
      "$label_text" : "普通场",
      "$nine_slice_buttom" : 0,
      "$nine_slice_left" : 0,
      "$nine_slice_right" : 0,
      "$nine_slice_top" : 0,
      "$nineslice_size" : [ 0, 0, 0, 0 ],
      "$pressed_button_name" : "%GUI.click",
      "$pressed_texture" : "textures/netease/common/button/pressed",
      "$texture_layer" : 2,
      "anchor_from" : "center",
      "anchor_to" : "center",
      "bindings" : [
         {
            "binding_collection_name" : "",
            "binding_condition" : "always_when_visible",
            "binding_type" : "collection_details"
         }
      ],
      "button_mappings" : [],
      "controls" : [
         {
            "default@GUI.default" : {}
         },
         {
            "hover@GUI.hover" : {}
         },
         {
            "pressed@GUI.pressed" : {}
         },
         {
            "button_label@GUI.button_label" : {}
         }
      ],
      "default_control" : "default",
      "hover_control" : "hover",
      "is_handle_button_move_event" : true,
      "layer" : 1,
      "offset" : [ "31.0%+0.0px", "-16.0%+0.0px" ],
      "pressed_control" : "pressed",
      "size" : [ "24.0%+0.0px", "26.0%+0.0px" ],
      "type" : "button",
      "visible" : true
   },
   "l" : {
      "anchor_from" : "top_left",
      "anchor_to" : "left_middle",
      "controls" : [
         {
            "ldude@GUI.ldude" : {}
         },
         {
            "lplate@GUI.lplate" : {}
         },
         {
            "left@GUI.left" : {}
         },
         {
            "ltray@GUI.ltray" : {}
         },
         {
            "lcoin@GUI.lcoin" : {}
         },
         {
            "lreal@GUI.lreal" : {}
         },
         {
            "lbanker@GUI.lbanker" : {}
         },
         {
            "lblank@GUI.lblank" : {}
         },
         {
            "lsu@GUI.lsu" : {}
         },
         {
            "lsup@GUI.lsup" : {}
         }
      ],
      "layer" : 1,
      "offset" : [ 0.0, "50.0%+0.0px" ],
      "size" : [ "50.0%+0.0px", 100.0 ],
      "type" : "panel",
      "visible" : true
   },
   "lbanker" : {
      "anchor_from" : "top_left",
      "anchor_to" : "top_left",
      "is_new_nine_slice" : false,
      "layer" : 1,
      "nine_slice_buttom" : 0,
      "nine_slice_left" : 0,
      "nine_slice_right" : 0,
      "nine_slice_top" : 0,
      "nineslice_size" : [ 0, 0, 0, 0 ],
      "offset" : [ 21.0, 11.0 ],
      "size" : [ 10.0, 10.0 ],
      "texture" : "textures/ui/og",
      "type" : "image",
      "uv" : [ 0, 0 ],
      "uv_size" : [ 0, 0 ],
      "visible" : true
   },
   "lblank" : {
      "anchor_from" : "top_left",
      "anchor_to" : "top_left",
      "controls" : [
         {
            "count@GUI.count" : {}
         }
      ],
      "is_new_nine_slice" : false,
      "layer" : 1,
      "nine_slice_buttom" : 1,
      "nine_slice_left" : 1,
      "nine_slice_right" : 1,
      "nine_slice_top" : 1,
      "nineslice_size" : [ 1, 1, 1, 1 ],
      "offset" : [ 33.0, 18.0 ],
      "size" : [ 10.0, 14.0 ],
      "texture" : "textures/ui/blank",
      "type" : "image",
      "uv" : [ 0, 0 ],
      "uv_size" : [ 0, 0 ],
      "visible" : true
   },
   "lcoin" : {
      "anchor_from" : "top_left",
      "anchor_to" : "top_left",
      "is_new_nine_slice" : false,
      "layer" : 2,
      "nine_slice_buttom" : 0,
      "nine_slice_left" : 0,
      "nine_slice_right" : 0,
      "nine_slice_top" : 0,
      "nineslice_size" : [ 0, 0, 0, 0 ],
      "offset" : [ 4.0, 45.0 ],
      "size" : [ 9.0, 9.0 ],
      "texture" : "textures/ui/w1h1",
      "type" : "image",
      "uv" : [ 0, 0 ],
      "uv_size" : [ 0, 0 ],
      "visible" : true
   },
   "ldude@common.button" : {
      "$default_texture" : "textures/ui/Steve",
      "$hover_texture" : "textures/ui/Steve",
      "$is_new_nine_slice" : false,
      "$label_color" : [ 1, 1, 1 ],
      "$label_font_scale_factor" : 0.2300000041723251,
      "$label_font_size" : "small",
      "$label_layer" : 3,
      "$label_offset" : [ 0, 0 ],
      "$label_text" : "",
      "$nine_slice_buttom" : 0,
      "$nine_slice_left" : 0,
      "$nine_slice_right" : 0,
      "$nine_slice_top" : 0,
      "$nineslice_size" : [ 0, 0, 0, 0 ],
      "$pressed_button_name" : "%GUI.click",
      "$pressed_texture" : "textures/ui/Steve",
      "$texture_layer" : 2,
      "anchor_from" : "top_left",
      "anchor_to" : "top_left",
      "bindings" : [
         {
            "binding_collection_name" : "",
            "binding_condition" : "always_when_visible",
            "binding_type" : "collection_details"
         }
      ],
      "button_mappings" : [],
      "controls" : [
         {
            "default@GUI.default" : {}
         },
         {
            "hover@GUI.hover" : {}
         },
         {
            "pressed@GUI.pressed" : {}
         },
         {
            "button_label@GUI.button_label" : {}
         }
      ],
      "default_control" : "default",
      "hover_control" : "hover",
      "is_handle_button_move_event" : true,
      "layer" : 1,
      "offset" : [ 4.0, 4.0 ],
      "pressed_control" : "pressed",
      "size" : [ 16.0, 16.0 ],
      "type" : "button",
      "visible" : true
   },
   "leave@common.button" : {
      "$default_texture" : "textures/ui/leave",
      "$hover_texture" : "textures/ui/leavec",
      "$is_new_nine_slice" : false,
      "$label_color" : [ 1, 1, 1 ],
      "$label_font_scale_factor" : 0.2300000041723251,
      "$label_font_size" : "small",
      "$label_layer" : 3,
      "$label_offset" : [ 0, 0 ],
      "$label_text" : "",
      "$nine_slice_buttom" : 0,
      "$nine_slice_left" : 0,
      "$nine_slice_right" : 0,
      "$nine_slice_top" : 0,
      "$nineslice_size" : [ 0, 0, 0, 0 ],
      "$pressed_button_name" : "%GUI.click",
      "$pressed_texture" : "textures/ui/leavec",
      "$texture_layer" : 2,
      "anchor_from" : "top_left",
      "anchor_to" : "top_left",
      "bindings" : [
         {
            "binding_collection_name" : "",
            "binding_condition" : "always_when_visible",
            "binding_type" : "collection_details"
         }
      ],
      "button_mappings" : [],
      "controls" : [
         {
            "default@GUI.default" : {}
         },
         {
            "hover@GUI.hover" : {}
         },
         {
            "pressed@GUI.pressed" : {}
         },
         {
            "button_label@GUI.button_label" : {}
         }
      ],
      "default_control" : "default",
      "hover_control" : "hover",
      "is_handle_button_move_event" : true,
      "layer" : 444,
      "offset" : [ 4.0, 4.0 ],
      "pressed_control" : "pressed",
      "size" : [ 20.0, 20.0 ],
      "type" : "button",
      "visible" : true
   },
   "left" : {
      "anchor_from" : "top_left",
      "anchor_to" : "top_left",
      "color" : [ 1, 1, 1 ],
      "font_scale_factor" : 0.6999999880790710,
      "font_size" : "normal",
      "font_type" : "smooth",
      "layer" : 1,
      "offset" : [ 4.0, 34.0 ],
      "shadow" : false,
      "size" : [ 46.0, 6.0 ],
      "text" : "故意只显示七个字",
      "text_alignment" : "left",
      "type" : "label",
      "visible" : true
   },
   "lplate" : {
      "anchor_from" : "top_left",
      "anchor_to" : "top_left",
      "is_new_nine_slice" : false,
      "layer" : 1,
      "nine_slice_buttom" : 0,
      "nine_slice_left" : 0,
      "nine_slice_right" : 0,
      "nine_slice_top" : 0,
      "nineslice_size" : [ 0, 0, 0, 0 ],
      "offset" : [ 4.0, 24.0 ],
      "size" : [ 24.0, 8.0 ],
      "texture" : "textures/ui/w3h1",
      "type" : "image",
      "uv" : [ 0, 0 ],
      "uv_size" : [ 0, 0 ],
      "visible" : true
   },
   "lreal" : {
      "anchor_from" : "top_left",
      "anchor_to" : "top_left",
      "color" : [ 1, 1, 1 ],
      "font_scale_factor" : 0.5899999737739563,
      "font_size" : "normal",
      "font_type" : "smooth",
      "layer" : 2,
      "offset" : [ 18.0, 47.0 ],
      "shadow" : false,
      "size" : [ 39.0, 5.0 ],
      "text" : "3000",
      "text_alignment" : "left",
      "type" : "label",
      "visible" : true
   },
   "lsu" : {
      "anchor_from" : "top_left",
      "anchor_to" : "top_left",
      "color" : [ 1, 1, 1 ],
      "font_scale_factor" : 0.6999999880790710,
      "font_size" : "normal",
      "font_type" : "smooth",
      "layer" : 1,
      "offset" : [ 4.0, 57.0 ],
      "shadow" : false,
      "size" : [ 17.0, 6.0 ],
      "text" : "<加倍>",
      "text_alignment" : "left",
      "type" : "label",
      "visible" : true
   },
   "lsup" : {
      "anchor_from" : "top_left",
      "anchor_to" : "top_left",
      "color" : [ 1, 1, 1 ],
      "font_scale_factor" : 0.6999999880790710,
      "font_size" : "normal",
      "font_type" : "smooth",
      "layer" : 1,
      "offset" : [ 4.0, 57.0 ],
      "shadow" : false,
      "size" : [ 29.0, 6.0 ],
      "text" : "<超级加倍>",
      "text_alignment" : "left",
      "type" : "label",
      "visible" : true
   },
   "ltray" : {
      "anchor_from" : "top_left",
      "anchor_to" : "top_left",
      "is_new_nine_slice" : true,
      "layer" : 1,
      "nine_slice_buttom" : 0,
      "nine_slice_left" : 0,
      "nine_slice_right" : 0,
      "nine_slice_top" : 0,
      "nineslice_size" : [ 0, 0, 0, 0 ],
      "offset" : [ 2.0, 44.0 ],
      "size" : [ 51.0, 11.0 ],
      "texture" : "textures/ui/tray",
      "type" : "image",
      "uv" : [ 0, 0 ],
      "uv_size" : [ 0, 0 ],
      "visible" : true
   },
   "m" : {
      "anchor_from" : "bottom_middle",
      "anchor_to" : "bottom_middle",
      "controls" : [
         {
            "m0@GUI.m0" : {}
         },
         {
            "m1@GUI.m1" : {}
         },
         {
            "m2@GUI.m2" : {}
         },
         {
            "m3@GUI.m3" : {}
         },
         {
            "m4@GUI.m4" : {}
         },
         {
            "m5@GUI.m5" : {}
         },
         {
            "m6@GUI.m6" : {}
         },
         {
            "m7@GUI.m7" : {}
         },
         {
            "m8@GUI.m8" : {}
         },
         {
            "m9@GUI.m9" : {}
         },
         {
            "m10@GUI.m10" : {}
         },
         {
            "m11@GUI.m11" : {}
         },
         {
            "m12@GUI.m12" : {}
         },
         {
            "m13@GUI.m13" : {}
         },
         {
            "m14@GUI.m14" : {}
         },
         {
            "m15@GUI.m15" : {}
         },
         {
            "m16@GUI.m16" : {}
         },
         {
            "m17@GUI.m17" : {}
         },
         {
            "m18@GUI.m18" : {}
         },
         {
            "m19@GUI.m19" : {}
         }
      ],
      "layer" : 100,
      "offset" : [ 0.0, -26.0 ],
      "size" : [ 320.0, 86.0 ],
      "type" : "panel",
      "visible" : false
   },
   "m0@common.button" : {
      "$default_texture" : "textures/ui/poker/(10, 0)",
      "$hover_texture" : "textures/ui/poker/(10, 0)",
      "$is_new_nine_slice" : true,
      "$label_color" : [ 1, 1, 1 ],
      "$label_font_scale_factor" : 0.2300000041723251,
      "$label_font_size" : "small",
      "$label_layer" : 3,
      "$label_offset" : [ 0, 0 ],
      "$label_text" : "",
      "$nine_slice_buttom" : 0,
      "$nine_slice_left" : 0,
      "$nine_slice_right" : 0,
      "$nine_slice_top" : 0,
      "$nineslice_size" : [ 0, 0, 0, 0 ],
      "$pressed_button_name" : "%GUI.click",
      "$pressed_texture" : "textures/ui/poker/(10, 0)",
      "$texture_layer" : 2,
      "anchor_from" : "top_left",
      "anchor_to" : "top_left",
      "bindings" : [
         {
            "binding_collection_name" : "",
            "binding_condition" : "always_when_visible",
            "binding_type" : "collection_details"
         }
      ],
      "button_mappings" : [],
      "controls" : [
         {
            "default@GUI.default" : {}
         },
         {
            "hover@GUI.hover" : {}
         },
         {
            "pressed@GUI.pressed" : {}
         },
         {
            "button_label@GUI.button_label" : {}
         }
      ],
      "default_control" : "default",
      "hover_control" : "hover",
      "is_handle_button_move_event" : true,
      "layer" : 0,
      "offset" : [ 0, 0 ],
      "pressed_control" : "pressed",
      "size" : [ 54.0, 85.0 ],
      "type" : "button",
      "visible" : true
   },
   "m10@common.button" : {
      "$default_texture" : "textures/ui/poker/(10, 0)",
      "$hover_texture" : "textures/ui/poker/(10, 0)",
      "$is_new_nine_slice" : true,
      "$label_color" : [ 1, 1, 1 ],
      "$label_font_scale_factor" : 0.2300000041723251,
      "$label_font_size" : "small",
      "$label_layer" : 3,
      "$label_offset" : [ 0, 0 ],
      "$label_text" : "",
      "$nine_slice_buttom" : 0,
      "$nine_slice_left" : 0,
      "$nine_slice_right" : 0,
      "$nine_slice_top" : 0,
      "$nineslice_size" : [ 0, 0, 0, 0 ],
      "$pressed_button_name" : "%GUI.click",
      "$pressed_texture" : "textures/ui/poker/(10, 0)",
      "$texture_layer" : 2,
      "anchor_from" : "top_left",
      "anchor_to" : "top_left",
      "bindings" : [
         {
            "binding_collection_name" : "",
            "binding_condition" : "always_when_visible",
            "binding_type" : "collection_details"
         }
      ],
      "button_mappings" : [],
      "controls" : [
         {
            "default@GUI.default" : {}
         },
         {
            "hover@GUI.hover" : {}
         },
         {
            "pressed@GUI.pressed" : {}
         },
         {
            "button_label@GUI.button_label" : {}
         }
      ],
      "default_control" : "default",
      "hover_control" : "hover",
      "is_handle_button_move_event" : true,
      "layer" : 100,
      "offset" : [ 140.0, 0.0 ],
      "pressed_control" : "pressed",
      "size" : [ 54.0, 85.0 ],
      "type" : "button",
      "visible" : true
   },
   "m11@common.button" : {
      "$default_texture" : "textures/ui/poker/(10, 0)",
      "$hover_texture" : "textures/ui/poker/(10, 0)",
      "$is_new_nine_slice" : true,
      "$label_color" : [ 1, 1, 1 ],
      "$label_font_scale_factor" : 0.2300000041723251,
      "$label_font_size" : "small",
      "$label_layer" : 3,
      "$label_offset" : [ 0, 0 ],
      "$label_text" : "",
      "$nine_slice_buttom" : 0,
      "$nine_slice_left" : 0,
      "$nine_slice_right" : 0,
      "$nine_slice_top" : 0,
      "$nineslice_size" : [ 0, 0, 0, 0 ],
      "$pressed_button_name" : "%GUI.click",
      "$pressed_texture" : "textures/ui/poker/(10, 0)",
      "$texture_layer" : 2,
      "anchor_from" : "top_left",
      "anchor_to" : "top_left",
      "bindings" : [
         {
            "binding_collection_name" : "",
            "binding_condition" : "always_when_visible",
            "binding_type" : "collection_details"
         }
      ],
      "button_mappings" : [],
      "controls" : [
         {
            "default@GUI.default" : {}
         },
         {
            "hover@GUI.hover" : {}
         },
         {
            "pressed@GUI.pressed" : {}
         },
         {
            "button_label@GUI.button_label" : {}
         }
      ],
      "default_control" : "default",
      "hover_control" : "hover",
      "is_handle_button_move_event" : true,
      "layer" : 110,
      "offset" : [ 154.0, 0.0 ],
      "pressed_control" : "pressed",
      "size" : [ 54.0, 85.0 ],
      "type" : "button",
      "visible" : true
   },
   "m12@common.button" : {
      "$default_texture" : "textures/ui/poker/(10, 0)",
      "$hover_texture" : "textures/ui/poker/(10, 0)",
      "$is_new_nine_slice" : true,
      "$label_color" : [ 1, 1, 1 ],
      "$label_font_scale_factor" : 0.2300000041723251,
      "$label_font_size" : "small",
      "$label_layer" : 3,
      "$label_offset" : [ 0, 0 ],
      "$label_text" : "",
      "$nine_slice_buttom" : 0,
      "$nine_slice_left" : 0,
      "$nine_slice_right" : 0,
      "$nine_slice_top" : 0,
      "$nineslice_size" : [ 0, 0, 0, 0 ],
      "$pressed_button_name" : "%GUI.click",
      "$pressed_texture" : "textures/ui/poker/(10, 0)",
      "$texture_layer" : 2,
      "anchor_from" : "top_left",
      "anchor_to" : "top_left",
      "bindings" : [
         {
            "binding_collection_name" : "",
            "binding_condition" : "always_when_visible",
            "binding_type" : "collection_details"
         }
      ],
      "button_mappings" : [],
      "controls" : [
         {
            "default@GUI.default" : {}
         },
         {
            "hover@GUI.hover" : {}
         },
         {
            "pressed@GUI.pressed" : {}
         },
         {
            "button_label@GUI.button_label" : {}
         }
      ],
      "default_control" : "default",
      "hover_control" : "hover",
      "is_handle_button_move_event" : true,
      "layer" : 120,
      "offset" : [ 168.0, 0.0 ],
      "pressed_control" : "pressed",
      "size" : [ 54.0, 85.0 ],
      "type" : "button",
      "visible" : true
   },
   "m13@common.button" : {
      "$default_texture" : "textures/ui/poker/(10, 0)",
      "$hover_texture" : "textures/ui/poker/(10, 0)",
      "$is_new_nine_slice" : true,
      "$label_color" : [ 1, 1, 1 ],
      "$label_font_scale_factor" : 0.2300000041723251,
      "$label_font_size" : "small",
      "$label_layer" : 3,
      "$label_offset" : [ 0, 0 ],
      "$label_text" : "",
      "$nine_slice_buttom" : 0,
      "$nine_slice_left" : 0,
      "$nine_slice_right" : 0,
      "$nine_slice_top" : 0,
      "$nineslice_size" : [ 0, 0, 0, 0 ],
      "$pressed_button_name" : "%GUI.click",
      "$pressed_texture" : "textures/ui/poker/(10, 0)",
      "$texture_layer" : 2,
      "anchor_from" : "top_left",
      "anchor_to" : "top_left",
      "bindings" : [
         {
            "binding_collection_name" : "",
            "binding_condition" : "always_when_visible",
            "binding_type" : "collection_details"
         }
      ],
      "button_mappings" : [],
      "controls" : [
         {
            "default@GUI.default" : {}
         },
         {
            "hover@GUI.hover" : {}
         },
         {
            "pressed@GUI.pressed" : {}
         },
         {
            "button_label@GUI.button_label" : {}
         }
      ],
      "default_control" : "default",
      "hover_control" : "hover",
      "is_handle_button_move_event" : true,
      "layer" : 130,
      "offset" : [ 182.0, 0.0 ],
      "pressed_control" : "pressed",
      "size" : [ 54.0, 85.0 ],
      "type" : "button",
      "visible" : true
   },
   "m14@common.button" : {
      "$default_texture" : "textures/ui/poker/(10, 0)",
      "$hover_texture" : "textures/ui/poker/(10, 0)",
      "$is_new_nine_slice" : true,
      "$label_color" : [ 1, 1, 1 ],
      "$label_font_scale_factor" : 0.2300000041723251,
      "$label_font_size" : "small",
      "$label_layer" : 3,
      "$label_offset" : [ 0, 0 ],
      "$label_text" : "",
      "$nine_slice_buttom" : 0,
      "$nine_slice_left" : 0,
      "$nine_slice_right" : 0,
      "$nine_slice_top" : 0,
      "$nineslice_size" : [ 0, 0, 0, 0 ],
      "$pressed_button_name" : "%GUI.click",
      "$pressed_texture" : "textures/ui/poker/(10, 0)",
      "$texture_layer" : 2,
      "anchor_from" : "top_left",
      "anchor_to" : "top_left",
      "bindings" : [
         {
            "binding_collection_name" : "",
            "binding_condition" : "always_when_visible",
            "binding_type" : "collection_details"
         }
      ],
      "button_mappings" : [],
      "controls" : [
         {
            "default@GUI.default" : {}
         },
         {
            "hover@GUI.hover" : {}
         },
         {
            "pressed@GUI.pressed" : {}
         },
         {
            "button_label@GUI.button_label" : {}
         }
      ],
      "default_control" : "default",
      "hover_control" : "hover",
      "is_handle_button_move_event" : true,
      "layer" : 140,
      "offset" : [ 196.0, 0.0 ],
      "pressed_control" : "pressed",
      "size" : [ 54.0, 85.0 ],
      "type" : "button",
      "visible" : true
   },
   "m15@common.button" : {
      "$default_texture" : "textures/ui/poker/(10, 0)",
      "$hover_texture" : "textures/ui/poker/(10, 0)",
      "$is_new_nine_slice" : true,
      "$label_color" : [ 1, 1, 1 ],
      "$label_font_scale_factor" : 0.2300000041723251,
      "$label_font_size" : "small",
      "$label_layer" : 3,
      "$label_offset" : [ 0, 0 ],
      "$label_text" : "",
      "$nine_slice_buttom" : 0,
      "$nine_slice_left" : 0,
      "$nine_slice_right" : 0,
      "$nine_slice_top" : 0,
      "$nineslice_size" : [ 0, 0, 0, 0 ],
      "$pressed_button_name" : "%GUI.click",
      "$pressed_texture" : "textures/ui/poker/(10, 0)",
      "$texture_layer" : 2,
      "anchor_from" : "top_left",
      "anchor_to" : "top_left",
      "bindings" : [
         {
            "binding_collection_name" : "",
            "binding_condition" : "always_when_visible",
            "binding_type" : "collection_details"
         }
      ],
      "button_mappings" : [],
      "controls" : [
         {
            "default@GUI.default" : {}
         },
         {
            "hover@GUI.hover" : {}
         },
         {
            "pressed@GUI.pressed" : {}
         },
         {
            "button_label@GUI.button_label" : {}
         }
      ],
      "default_control" : "default",
      "hover_control" : "hover",
      "is_handle_button_move_event" : true,
      "layer" : 150,
      "offset" : [ 210.0, 0.0 ],
      "pressed_control" : "pressed",
      "size" : [ 54.0, 85.0 ],
      "type" : "button",
      "visible" : true
   },
   "m16@common.button" : {
      "$default_texture" : "textures/ui/poker/(10, 0)",
      "$hover_texture" : "textures/ui/poker/(10, 0)",
      "$is_new_nine_slice" : true,
      "$label_color" : [ 1, 1, 1 ],
      "$label_font_scale_factor" : 0.2300000041723251,
      "$label_font_size" : "small",
      "$label_layer" : 3,
      "$label_offset" : [ 0, 0 ],
      "$label_text" : "",
      "$nine_slice_buttom" : 0,
      "$nine_slice_left" : 0,
      "$nine_slice_right" : 0,
      "$nine_slice_top" : 0,
      "$nineslice_size" : [ 0, 0, 0, 0 ],
      "$pressed_button_name" : "%GUI.click",
      "$pressed_texture" : "textures/ui/poker/(10, 0)",
      "$texture_layer" : 2,
      "anchor_from" : "top_left",
      "anchor_to" : "top_left",
      "bindings" : [
         {
            "binding_collection_name" : "",
            "binding_condition" : "always_when_visible",
            "binding_type" : "collection_details"
         }
      ],
      "button_mappings" : [],
      "controls" : [
         {
            "default@GUI.default" : {}
         },
         {
            "hover@GUI.hover" : {}
         },
         {
            "pressed@GUI.pressed" : {}
         },
         {
            "button_label@GUI.button_label" : {}
         }
      ],
      "default_control" : "default",
      "hover_control" : "hover",
      "is_handle_button_move_event" : true,
      "layer" : 160,
      "offset" : [ 224.0, 0.0 ],
      "pressed_control" : "pressed",
      "size" : [ 54.0, 85.0 ],
      "type" : "button",
      "visible" : true
   },
   "m17@common.button" : {
      "$default_texture" : "textures/ui/poker/(10, 0)",
      "$hover_texture" : "textures/ui/poker/(10, 0)",
      "$is_new_nine_slice" : true,
      "$label_color" : [ 1, 1, 1 ],
      "$label_font_scale_factor" : 0.2300000041723251,
      "$label_font_size" : "small",
      "$label_layer" : 3,
      "$label_offset" : [ 0, 0 ],
      "$label_text" : "",
      "$nine_slice_buttom" : 0,
      "$nine_slice_left" : 0,
      "$nine_slice_right" : 0,
      "$nine_slice_top" : 0,
      "$nineslice_size" : [ 0, 0, 0, 0 ],
      "$pressed_button_name" : "%GUI.click",
      "$pressed_texture" : "textures/ui/poker/(10, 0)",
      "$texture_layer" : 2,
      "anchor_from" : "top_left",
      "anchor_to" : "top_left",
      "bindings" : [
         {
            "binding_collection_name" : "",
            "binding_condition" : "always_when_visible",
            "binding_type" : "collection_details"
         }
      ],
      "button_mappings" : [],
      "controls" : [
         {
            "default@GUI.default" : {}
         },
         {
            "hover@GUI.hover" : {}
         },
         {
            "pressed@GUI.pressed" : {}
         },
         {
            "button_label@GUI.button_label" : {}
         }
      ],
      "default_control" : "default",
      "hover_control" : "hover",
      "is_handle_button_move_event" : true,
      "layer" : 170,
      "offset" : [ 238.0, 0.0 ],
      "pressed_control" : "pressed",
      "size" : [ 54.0, 85.0 ],
      "type" : "button",
      "visible" : true
   },
   "m18@common.button" : {
      "$default_texture" : "textures/ui/poker/(10, 0)",
      "$hover_texture" : "textures/ui/poker/(10, 0)",
      "$is_new_nine_slice" : true,
      "$label_color" : [ 1, 1, 1 ],
      "$label_font_scale_factor" : 0.2300000041723251,
      "$label_font_size" : "small",
      "$label_layer" : 3,
      "$label_offset" : [ 0, 0 ],
      "$label_text" : "",
      "$nine_slice_buttom" : 0,
      "$nine_slice_left" : 0,
      "$nine_slice_right" : 0,
      "$nine_slice_top" : 0,
      "$nineslice_size" : [ 0, 0, 0, 0 ],
      "$pressed_button_name" : "%GUI.click",
      "$pressed_texture" : "textures/ui/poker/(10, 0)",
      "$texture_layer" : 2,
      "anchor_from" : "top_left",
      "anchor_to" : "top_left",
      "bindings" : [
         {
            "binding_collection_name" : "",
            "binding_condition" : "always_when_visible",
            "binding_type" : "collection_details"
         }
      ],
      "button_mappings" : [],
      "controls" : [
         {
            "default@GUI.default" : {}
         },
         {
            "hover@GUI.hover" : {}
         },
         {
            "pressed@GUI.pressed" : {}
         },
         {
            "button_label@GUI.button_label" : {}
         }
      ],
      "default_control" : "default",
      "hover_control" : "hover",
      "is_handle_button_move_event" : true,
      "layer" : 180,
      "offset" : [ 252.0, 0.0 ],
      "pressed_control" : "pressed",
      "size" : [ 54.0, 85.0 ],
      "type" : "button",
      "visible" : true
   },
   "m19@common.button" : {
      "$default_texture" : "textures/ui/poker/(10, 0)",
      "$hover_texture" : "textures/ui/poker/(10, 0)",
      "$is_new_nine_slice" : true,
      "$label_color" : [ 1, 1, 1 ],
      "$label_font_scale_factor" : 0.2300000041723251,
      "$label_font_size" : "small",
      "$label_layer" : 3,
      "$label_offset" : [ 0, 0 ],
      "$label_text" : "",
      "$nine_slice_buttom" : 0,
      "$nine_slice_left" : 0,
      "$nine_slice_right" : 0,
      "$nine_slice_top" : 0,
      "$nineslice_size" : [ 0, 0, 0, 0 ],
      "$pressed_button_name" : "%GUI.click",
      "$pressed_texture" : "textures/ui/poker/(10, 0)",
      "$texture_layer" : 2,
      "anchor_from" : "top_left",
      "anchor_to" : "top_left",
      "bindings" : [
         {
            "binding_collection_name" : "",
            "binding_condition" : "always_when_visible",
            "binding_type" : "collection_details"
         }
      ],
      "button_mappings" : [],
      "controls" : [
         {
            "default@GUI.default" : {}
         },
         {
            "hover@GUI.hover" : {}
         },
         {
            "pressed@GUI.pressed" : {}
         },
         {
            "button_label@GUI.button_label" : {}
         }
      ],
      "default_control" : "default",
      "hover_control" : "hover",
      "is_handle_button_move_event" : true,
      "layer" : 190,
      "offset" : [ 266.0, 0.0 ],
      "pressed_control" : "pressed",
      "size" : [ 54.0, 85.0 ],
      "type" : "button",
      "visible" : true
   },
   "m1@common.button" : {
      "$default_texture" : "textures/ui/poker/(10, 0)",
      "$hover_texture" : "textures/ui/poker/(10, 0)",
      "$is_new_nine_slice" : true,
      "$label_color" : [ 1, 1, 1 ],
      "$label_font_scale_factor" : 0.2300000041723251,
      "$label_font_size" : "small",
      "$label_layer" : 3,
      "$label_offset" : [ 0, 0 ],
      "$label_text" : "",
      "$nine_slice_buttom" : 0,
      "$nine_slice_left" : 0,
      "$nine_slice_right" : 0,
      "$nine_slice_top" : 0,
      "$nineslice_size" : [ 0, 0, 0, 0 ],
      "$pressed_button_name" : "%GUI.click",
      "$pressed_texture" : "textures/ui/poker/(10, 0)",
      "$texture_layer" : 2,
      "anchor_from" : "top_left",
      "anchor_to" : "top_left",
      "bindings" : [
         {
            "binding_collection_name" : "",
            "binding_condition" : "always_when_visible",
            "binding_type" : "collection_details"
         }
      ],
      "button_mappings" : [],
      "controls" : [
         {
            "default@GUI.default" : {}
         },
         {
            "hover@GUI.hover" : {}
         },
         {
            "pressed@GUI.pressed" : {}
         },
         {
            "button_label@GUI.button_label" : {}
         }
      ],
      "default_control" : "default",
      "hover_control" : "hover",
      "is_handle_button_move_event" : true,
      "layer" : 10,
      "offset" : [ 14.0, 0.0 ],
      "pressed_control" : "pressed",
      "size" : [ 54.0, 85.0 ],
      "type" : "button",
      "visible" : true
   },
   "m2@common.button" : {
      "$default_texture" : "textures/ui/poker/(10, 0)",
      "$hover_texture" : "textures/ui/poker/(10, 0)",
      "$is_new_nine_slice" : true,
      "$label_color" : [ 1, 1, 1 ],
      "$label_font_scale_factor" : 0.2300000041723251,
      "$label_font_size" : "small",
      "$label_layer" : 3,
      "$label_offset" : [ 0, 0 ],
      "$label_text" : "",
      "$nine_slice_buttom" : 0,
      "$nine_slice_left" : 0,
      "$nine_slice_right" : 0,
      "$nine_slice_top" : 0,
      "$nineslice_size" : [ 0, 0, 0, 0 ],
      "$pressed_button_name" : "%GUI.click",
      "$pressed_texture" : "textures/ui/poker/(10, 0)",
      "$texture_layer" : 2,
      "anchor_from" : "top_left",
      "anchor_to" : "top_left",
      "bindings" : [
         {
            "binding_collection_name" : "",
            "binding_condition" : "always_when_visible",
            "binding_type" : "collection_details"
         }
      ],
      "button_mappings" : [],
      "controls" : [
         {
            "default@GUI.default" : {}
         },
         {
            "hover@GUI.hover" : {}
         },
         {
            "pressed@GUI.pressed" : {}
         },
         {
            "button_label@GUI.button_label" : {}
         }
      ],
      "default_control" : "default",
      "hover_control" : "hover",
      "is_handle_button_move_event" : true,
      "layer" : 20,
      "offset" : [ 28.0, 0.0 ],
      "pressed_control" : "pressed",
      "size" : [ 54.0, 85.0 ],
      "type" : "button",
      "visible" : true
   },
   "m3@common.button" : {
      "$default_texture" : "textures/ui/poker/(10, 0)",
      "$hover_texture" : "textures/ui/poker/(10, 0)",
      "$is_new_nine_slice" : true,
      "$label_color" : [ 1, 1, 1 ],
      "$label_font_scale_factor" : 0.2300000041723251,
      "$label_font_size" : "small",
      "$label_layer" : 3,
      "$label_offset" : [ 0, 0 ],
      "$label_text" : "",
      "$nine_slice_buttom" : 0,
      "$nine_slice_left" : 0,
      "$nine_slice_right" : 0,
      "$nine_slice_top" : 0,
      "$nineslice_size" : [ 0, 0, 0, 0 ],
      "$pressed_button_name" : "%GUI.click",
      "$pressed_texture" : "textures/ui/poker/(10, 0)",
      "$texture_layer" : 2,
      "anchor_from" : "top_left",
      "anchor_to" : "top_left",
      "bindings" : [
         {
            "binding_collection_name" : "",
            "binding_condition" : "always_when_visible",
            "binding_type" : "collection_details"
         }
      ],
      "button_mappings" : [],
      "controls" : [
         {
            "default@GUI.default" : {}
         },
         {
            "hover@GUI.hover" : {}
         },
         {
            "pressed@GUI.pressed" : {}
         },
         {
            "button_label@GUI.button_label" : {}
         }
      ],
      "default_control" : "default",
      "hover_control" : "hover",
      "is_handle_button_move_event" : true,
      "layer" : 30,
      "offset" : [ 42.0, 0.0 ],
      "pressed_control" : "pressed",
      "size" : [ 54.0, 85.0 ],
      "type" : "button",
      "visible" : true
   },
   "m4@common.button" : {
      "$default_texture" : "textures/ui/poker/(10, 0)",
      "$hover_texture" : "textures/ui/poker/(10, 0)",
      "$is_new_nine_slice" : true,
      "$label_color" : [ 1, 1, 1 ],
      "$label_font_scale_factor" : 0.2300000041723251,
      "$label_font_size" : "small",
      "$label_layer" : 3,
      "$label_offset" : [ 0, 0 ],
      "$label_text" : "",
      "$nine_slice_buttom" : 0,
      "$nine_slice_left" : 0,
      "$nine_slice_right" : 0,
      "$nine_slice_top" : 0,
      "$nineslice_size" : [ 0, 0, 0, 0 ],
      "$pressed_button_name" : "%GUI.click",
      "$pressed_texture" : "textures/ui/poker/(10, 0)",
      "$texture_layer" : 2,
      "anchor_from" : "top_left",
      "anchor_to" : "top_left",
      "bindings" : [
         {
            "binding_collection_name" : "",
            "binding_condition" : "always_when_visible",
            "binding_type" : "collection_details"
         }
      ],
      "button_mappings" : [],
      "controls" : [
         {
            "default@GUI.default" : {}
         },
         {
            "hover@GUI.hover" : {}
         },
         {
            "pressed@GUI.pressed" : {}
         },
         {
            "button_label@GUI.button_label" : {}
         }
      ],
      "default_control" : "default",
      "hover_control" : "hover",
      "is_handle_button_move_event" : true,
      "layer" : 40,
      "offset" : [ 56.0, 0.0 ],
      "pressed_control" : "pressed",
      "size" : [ 54.0, 85.0 ],
      "type" : "button",
      "visible" : true
   },
   "m5@common.button" : {
      "$default_texture" : "textures/ui/poker/(10, 0)",
      "$hover_texture" : "textures/ui/poker/(10, 0)",
      "$is_new_nine_slice" : true,
      "$label_color" : [ 1, 1, 1 ],
      "$label_font_scale_factor" : 0.2300000041723251,
      "$label_font_size" : "small",
      "$label_layer" : 3,
      "$label_offset" : [ 0, 0 ],
      "$label_text" : "",
      "$nine_slice_buttom" : 0,
      "$nine_slice_left" : 0,
      "$nine_slice_right" : 0,
      "$nine_slice_top" : 0,
      "$nineslice_size" : [ 0, 0, 0, 0 ],
      "$pressed_button_name" : "%GUI.click",
      "$pressed_texture" : "textures/ui/poker/(10, 0)",
      "$texture_layer" : 2,
      "anchor_from" : "top_left",
      "anchor_to" : "top_left",
      "bindings" : [
         {
            "binding_collection_name" : "",
            "binding_condition" : "always_when_visible",
            "binding_type" : "collection_details"
         }
      ],
      "button_mappings" : [],
      "controls" : [
         {
            "default@GUI.default" : {}
         },
         {
            "hover@GUI.hover" : {}
         },
         {
            "pressed@GUI.pressed" : {}
         },
         {
            "button_label@GUI.button_label" : {}
         }
      ],
      "default_control" : "default",
      "hover_control" : "hover",
      "is_handle_button_move_event" : true,
      "layer" : 50,
      "offset" : [ 70.0, 0.0 ],
      "pressed_control" : "pressed",
      "size" : [ 54.0, 85.0 ],
      "type" : "button",
      "visible" : true
   },
   "m6@common.button" : {
      "$default_texture" : "textures/ui/poker/(10, 0)",
      "$hover_texture" : "textures/ui/poker/(10, 0)",
      "$is_new_nine_slice" : true,
      "$label_color" : [ 1, 1, 1 ],
      "$label_font_scale_factor" : 0.2300000041723251,
      "$label_font_size" : "small",
      "$label_layer" : 3,
      "$label_offset" : [ 0, 0 ],
      "$label_text" : "",
      "$nine_slice_buttom" : 0,
      "$nine_slice_left" : 0,
      "$nine_slice_right" : 0,
      "$nine_slice_top" : 0,
      "$nineslice_size" : [ 0, 0, 0, 0 ],
      "$pressed_button_name" : "%GUI.click",
      "$pressed_texture" : "textures/ui/poker/(10, 0)",
      "$texture_layer" : 2,
      "anchor_from" : "top_left",
      "anchor_to" : "top_left",
      "bindings" : [
         {
            "binding_collection_name" : "",
            "binding_condition" : "always_when_visible",
            "binding_type" : "collection_details"
         }
      ],
      "button_mappings" : [],
      "controls" : [
         {
            "default@GUI.default" : {}
         },
         {
            "hover@GUI.hover" : {}
         },
         {
            "pressed@GUI.pressed" : {}
         },
         {
            "button_label@GUI.button_label" : {}
         }
      ],
      "default_control" : "default",
      "hover_control" : "hover",
      "is_handle_button_move_event" : true,
      "layer" : 60,
      "offset" : [ 84.0, 0.0 ],
      "pressed_control" : "pressed",
      "size" : [ 54.0, 85.0 ],
      "type" : "button",
      "visible" : true
   },
   "m7@common.button" : {
      "$default_texture" : "textures/ui/poker/(10, 0)",
      "$hover_texture" : "textures/ui/poker/(10, 0)",
      "$is_new_nine_slice" : true,
      "$label_color" : [ 1, 1, 1 ],
      "$label_font_scale_factor" : 0.2300000041723251,
      "$label_font_size" : "small",
      "$label_layer" : 3,
      "$label_offset" : [ 0, 0 ],
      "$label_text" : "",
      "$nine_slice_buttom" : 0,
      "$nine_slice_left" : 0,
      "$nine_slice_right" : 0,
      "$nine_slice_top" : 0,
      "$nineslice_size" : [ 0, 0, 0, 0 ],
      "$pressed_button_name" : "%GUI.click",
      "$pressed_texture" : "textures/ui/poker/(10, 0)",
      "$texture_layer" : 2,
      "anchor_from" : "top_left",
      "anchor_to" : "top_left",
      "bindings" : [
         {
            "binding_collection_name" : "",
            "binding_condition" : "always_when_visible",
            "binding_type" : "collection_details"
         }
      ],
      "button_mappings" : [],
      "controls" : [
         {
            "default@GUI.default" : {}
         },
         {
            "hover@GUI.hover" : {}
         },
         {
            "pressed@GUI.pressed" : {}
         },
         {
            "button_label@GUI.button_label" : {}
         }
      ],
      "default_control" : "default",
      "hover_control" : "hover",
      "is_handle_button_move_event" : true,
      "layer" : 70,
      "offset" : [ 98.0, 0.0 ],
      "pressed_control" : "pressed",
      "size" : [ 54.0, 85.0 ],
      "type" : "button",
      "visible" : true
   },
   "m8@common.button" : {
      "$default_texture" : "textures/ui/poker/(10, 0)",
      "$hover_texture" : "textures/ui/poker/(10, 0)",
      "$is_new_nine_slice" : true,
      "$label_color" : [ 1, 1, 1 ],
      "$label_font_scale_factor" : 0.2300000041723251,
      "$label_font_size" : "small",
      "$label_layer" : 3,
      "$label_offset" : [ 0, 0 ],
      "$label_text" : "",
      "$nine_slice_buttom" : 0,
      "$nine_slice_left" : 0,
      "$nine_slice_right" : 0,
      "$nine_slice_top" : 0,
      "$nineslice_size" : [ 0, 0, 0, 0 ],
      "$pressed_button_name" : "%GUI.click",
      "$pressed_texture" : "textures/ui/poker/(10, 0)",
      "$texture_layer" : 2,
      "anchor_from" : "top_left",
      "anchor_to" : "top_left",
      "bindings" : [
         {
            "binding_collection_name" : "",
            "binding_condition" : "always_when_visible",
            "binding_type" : "collection_details"
         }
      ],
      "button_mappings" : [],
      "controls" : [
         {
            "default@GUI.default" : {}
         },
         {
            "hover@GUI.hover" : {}
         },
         {
            "pressed@GUI.pressed" : {}
         },
         {
            "button_label@GUI.button_label" : {}
         }
      ],
      "default_control" : "default",
      "hover_control" : "hover",
      "is_handle_button_move_event" : true,
      "layer" : 80,
      "offset" : [ 112.0, 0.0 ],
      "pressed_control" : "pressed",
      "size" : [ 54.0, 85.0 ],
      "type" : "button",
      "visible" : true
   },
   "m9@common.button" : {
      "$default_texture" : "textures/ui/poker/(10, 0)",
      "$hover_texture" : "textures/ui/poker/(10, 0)",
      "$is_new_nine_slice" : true,
      "$label_color" : [ 1, 1, 1 ],
      "$label_font_scale_factor" : 0.2300000041723251,
      "$label_font_size" : "small",
      "$label_layer" : 3,
      "$label_offset" : [ 0, 0 ],
      "$label_text" : "",
      "$nine_slice_buttom" : 0,
      "$nine_slice_left" : 0,
      "$nine_slice_right" : 0,
      "$nine_slice_top" : 0,
      "$nineslice_size" : [ 0, 0, 0, 0 ],
      "$pressed_button_name" : "%GUI.click",
      "$pressed_texture" : "textures/ui/poker/(10, 0)",
      "$texture_layer" : 2,
      "anchor_from" : "top_left",
      "anchor_to" : "top_left",
      "bindings" : [
         {
            "binding_collection_name" : "",
            "binding_condition" : "always_when_visible",
            "binding_type" : "collection_details"
         }
      ],
      "button_mappings" : [],
      "controls" : [
         {
            "default@GUI.default" : {}
         },
         {
            "hover@GUI.hover" : {}
         },
         {
            "pressed@GUI.pressed" : {}
         },
         {
            "button_label@GUI.button_label" : {}
         }
      ],
      "default_control" : "default",
      "hover_control" : "hover",
      "is_handle_button_move_event" : true,
      "layer" : 90,
      "offset" : [ 126.0, 0.0 ],
      "pressed_control" : "pressed",
      "size" : [ 54.0, 85.0 ],
      "type" : "button",
      "visible" : true
   },
   "main" : {
      "absorbs_input" : true,
      "always_accepts_input" : false,
      "controls" : [
         {
            "main_panel@GUI.main_panel" : {}
         }
      ],
      "force_render_below" : false,
      "is_showing_menu" : true,
      "render_game_behind" : true,
      "render_only_when_topmost" : true,
      "should_steal_mouse" : false,
      "type" : "screen"
   },
   "main_panel" : {
      "anchor_from" : "center",
      "anchor_to" : "center",
      "controls" : [
         {
            "top@GUI.top" : {}
         },
         {
            "bottom@GUI.bottom" : {}
         },
         {
            "flip@GUI.flip" : {}
         },
         {
            "room@GUI.room" : {}
         }
      ],
      "layer" : 1,
      "offset" : [ 0, 0 ],
      "size" : [ "100.0%+0.0px", "100.0%+0.0px" ],
      "type" : "panel",
      "visible" : true
   },
   "major@common.button" : {
      "$default_texture" : "textures/netease/common/button/default",
      "$hover_texture" : "textures/netease/common/button/hover",
      "$is_new_nine_slice" : true,
      "$label_color" : [ 1, 1, 1 ],
      "$label_font_scale_factor" : 1.0,
      "$label_font_size" : "large",
      "$label_layer" : 3,
      "$label_offset" : [ 0, 0 ],
      "$label_text" : "高级场",
      "$nine_slice_buttom" : 0,
      "$nine_slice_left" : 0,
      "$nine_slice_right" : 0,
      "$nine_slice_top" : 0,
      "$nineslice_size" : [ 0, 0, 0, 0 ],
      "$pressed_button_name" : "%GUI.click",
      "$pressed_texture" : "textures/netease/common/button/pressed",
      "$texture_layer" : 2,
      "anchor_from" : "center",
      "anchor_to" : "center",
      "bindings" : [
         {
            "binding_collection_name" : "",
            "binding_condition" : "always_when_visible",
            "binding_type" : "collection_details"
         }
      ],
      "button_mappings" : [],
      "controls" : [
         {
            "default@GUI.default" : {}
         },
         {
            "hover@GUI.hover" : {}
         },
         {
            "pressed@GUI.pressed" : {}
         },
         {
            "button_label@GUI.button_label" : {}
         }
      ],
      "default_control" : "default",
      "hover_control" : "hover",
      "is_handle_button_move_event" : true,
      "layer" : 1,
      "offset" : [ 0.0, "16.0%+0.0px" ],
      "pressed_control" : "pressed",
      "size" : [ "24.0%+0.0px", "26.0%+0.0px" ],
      "type" : "button",
      "visible" : true
   },
   "match@common.button" : {
      "$default_texture" : "textures/netease/common/button/default",
      "$hover_texture" : "textures/netease/common/button/hover",
      "$is_new_nine_slice" : true,
      "$label_color" : [ 1, 1, 1 ],
      "$label_font_scale_factor" : 1.169999957084656,
      "$label_font_size" : "normal",
      "$label_layer" : 3,
      "$label_offset" : [ 0, 0 ],
      "$label_text" : "开始游戏",
      "$nine_slice_buttom" : 0,
      "$nine_slice_left" : 0,
      "$nine_slice_right" : 0,
      "$nine_slice_top" : 0,
      "$nineslice_size" : [ 0, 0, 0, 0 ],
      "$pressed_button_name" : "%GUI.click",
      "$pressed_texture" : "textures/netease/common/button/pressed",
      "$texture_layer" : 2,
      "anchor_from" : "center",
      "anchor_to" : "center",
      "bindings" : [
         {
            "binding_collection_name" : "",
            "binding_condition" : "always_when_visible",
            "binding_type" : "collection_details"
         }
      ],
      "button_mappings" : [],
      "controls" : [
         {
            "default@GUI.default" : {}
         },
         {
            "hover@GUI.hover" : {}
         },
         {
            "pressed@GUI.pressed" : {}
         },
         {
            "button_label@GUI.button_label" : {}
         }
      ],
      "default_control" : "default",
      "hover_control" : "hover",
      "is_handle_button_move_event" : true,
      "layer" : 1,
      "offset" : [ 0.0, 20.0 ],
      "pressed_control" : "pressed",
      "size" : [ 80.0, 20.0 ],
      "type" : "button",
      "visible" : false
   },
   "menu@common.button" : {
      "$default_texture" : "textures/ui/menu",
      "$hover_texture" : "textures/ui/menuc",
      "$is_new_nine_slice" : false,
      "$label_color" : [ 1, 1, 1 ],
      "$label_font_scale_factor" : 0.2300000041723251,
      "$label_font_size" : "small",
      "$label_layer" : 3,
      "$label_offset" : [ 0, 0 ],
      "$label_text" : "",
      "$nine_slice_buttom" : 0,
      "$nine_slice_left" : 0,
      "$nine_slice_right" : 0,
      "$nine_slice_top" : 0,
      "$nineslice_size" : [ 0, 0, 0, 0 ],
      "$pressed_button_name" : "%GUI.click",
      "$pressed_texture" : "textures/ui/menuc",
      "$texture_layer" : 2,
      "anchor_from" : "top_right",
      "anchor_to" : "top_right",
      "bindings" : [
         {
            "binding_collection_name" : "",
            "binding_condition" : "always_when_visible",
            "binding_type" : "collection_details"
         }
      ],
      "button_mappings" : [],
      "controls" : [
         {
            "default@GUI.default" : {}
         },
         {
            "hover@GUI.hover" : {}
         },
         {
            "pressed@GUI.pressed" : {}
         },
         {
            "button_label@GUI.button_label" : {}
         }
      ],
      "default_control" : "default",
      "hover_control" : "hover",
      "is_handle_button_move_event" : true,
      "layer" : 444,
      "offset" : [ -4.0, 4.0 ],
      "pressed_control" : "pressed",
      "size" : [ 20.0, 20.0 ],
      "type" : "button",
      "visible" : true
   },
   "more@common.button" : {
      "$default_texture" : "textures/ui/rich",
      "$hover_texture" : "textures/ui/richc",
      "$is_new_nine_slice" : false,
      "$label_color" : [ 1, 1, 1 ],
      "$label_font_scale_factor" : 0.2300000041723251,
      "$label_font_size" : "small",
      "$label_layer" : 3,
      "$label_offset" : [ 0, 0 ],
      "$label_text" : "",
      "$nine_slice_buttom" : 0,
      "$nine_slice_left" : 0,
      "$nine_slice_right" : 0,
      "$nine_slice_top" : 0,
      "$nineslice_size" : [ 0, 0, 0, 0 ],
      "$pressed_button_name" : "%GUI.click",
      "$pressed_texture" : "textures/ui/richc",
      "$texture_layer" : 2,
      "anchor_from" : "top_left",
      "anchor_to" : "top_left",
      "bindings" : [
         {
            "binding_collection_name" : "",
            "binding_condition" : "always_when_visible",
            "binding_type" : "collection_details"
         }
      ],
      "button_mappings" : [],
      "controls" : [
         {
            "default@GUI.default" : {}
         },
         {
            "hover@GUI.hover" : {}
         },
         {
            "pressed@GUI.pressed" : {}
         },
         {
            "button_label@GUI.button_label" : {}
         }
      ],
      "default_control" : "default",
      "hover_control" : "hover",
      "is_handle_button_move_event" : true,
      "layer" : 2,
      "offset" : [ 140.0, 9.0 ],
      "pressed_control" : "pressed",
      "size" : [ 9.0, 10.0 ],
      "type" : "button",
      "visible" : true
   },
   "name" : {
      "anchor_from" : "top_left",
      "anchor_to" : "top_left",
      "color" : [ 1, 1, 1 ],
      "font_scale_factor" : 0.6999999880790710,
      "font_size" : "normal",
      "font_type" : "smooth",
      "layer" : 1,
      "offset" : [ 24.0, 5.0 ],
      "shadow" : false,
      "size" : [ 100.0, 6.0 ],
      "text" : "药水哥",
      "text_alignment" : "left",
      "type" : "label",
      "visible" : true
   },
   "namespace" : "GUI",
   "plate" : {
      "anchor_from" : "top_left",
      "anchor_to" : "top_left",
      "is_new_nine_slice" : false,
      "layer" : 1,
      "nine_slice_buttom" : 0,
      "nine_slice_left" : 0,
      "nine_slice_right" : 0,
      "nine_slice_top" : 0,
      "nineslice_size" : [ 0, 0, 0, 0 ],
      "offset" : [ 24.0, 11.0 ],
      "size" : [ 24.0, 8.0 ],
      "texture" : "textures/ui/w3h1",
      "type" : "image",
      "uv" : [ 0, 0 ],
      "uv_size" : [ 0, 0 ],
      "visible" : true
   },
   "pressed" : {
      "is_new_nine_slice" : "$is_new_nine_slice",
      "layer" : "$texture_layer",
      "nine_slice_buttom" : "$nine_slice_buttom",
      "nine_slice_left" : "$nine_slice_left",
      "nine_slice_right" : "$nine_slice_right",
      "nine_slice_top" : "$nine_slice_top",
      "nineslice_size" : "$nineslice_size",
      "texture" : "$pressed_texture",
      "type" : "image"
   },
   "primary@common.button" : {
      "$default_texture" : "textures/netease/common/button/default",
      "$hover_texture" : "textures/netease/common/button/hover",
      "$is_new_nine_slice" : true,
      "$label_color" : [ 1, 1, 1 ],
      "$label_font_scale_factor" : 1.0,
      "$label_font_size" : "large",
      "$label_layer" : 3,
      "$label_offset" : [ 0, 0 ],
      "$label_text" : "初级场",
      "$nine_slice_buttom" : 0,
      "$nine_slice_left" : 0,
      "$nine_slice_right" : 0,
      "$nine_slice_top" : 0,
      "$nineslice_size" : [ 0, 0, 0, 0 ],
      "$pressed_button_name" : "%GUI.click",
      "$pressed_texture" : "textures/netease/common/button/pressed",
      "$texture_layer" : 2,
      "anchor_from" : "center",
      "anchor_to" : "center",
      "bindings" : [
         {
            "binding_collection_name" : "",
            "binding_condition" : "always_when_visible",
            "binding_type" : "collection_details"
         }
      ],
      "button_mappings" : [],
      "controls" : [
         {
            "default@GUI.default" : {}
         },
         {
            "hover@GUI.hover" : {}
         },
         {
            "pressed@GUI.pressed" : {}
         },
         {
            "button_label@GUI.button_label" : {}
         }
      ],
      "default_control" : "default",
      "hover_control" : "hover",
      "is_handle_button_move_event" : true,
      "layer" : 1,
      "offset" : [ 0.0, "-16.0%+0.0px" ],
      "pressed_control" : "pressed",
      "size" : [ "24.0%+0.0px", "26.0%+0.0px" ],
      "type" : "button",
      "visible" : true
   },
   "psycho@common.button" : {
      "$default_texture" : "textures/netease/common/button/default",
      "$hover_texture" : "textures/netease/common/button/hover",
      "$is_new_nine_slice" : true,
      "$label_color" : [ 1, 1, 1 ],
      "$label_font_scale_factor" : 1.0,
      "$label_font_size" : "large",
      "$label_layer" : 3,
      "$label_offset" : [ 0, 0 ],
      "$label_text" : "顶级场",
      "$nine_slice_buttom" : 0,
      "$nine_slice_left" : 0,
      "$nine_slice_right" : 0,
      "$nine_slice_top" : 0,
      "$nineslice_size" : [ 0, 0, 0, 0 ],
      "$pressed_button_name" : "%GUI.click",
      "$pressed_texture" : "textures/netease/common/button/pressed",
      "$texture_layer" : 2,
      "anchor_from" : "center",
      "anchor_to" : "center",
      "bindings" : [
         {
            "binding_collection_name" : "",
            "binding_condition" : "always_when_visible",
            "binding_type" : "collection_details"
         }
      ],
      "button_mappings" : [],
      "controls" : [
         {
            "default@GUI.default" : {}
         },
         {
            "hover@GUI.hover" : {}
         },
         {
            "pressed@GUI.pressed" : {}
         },
         {
            "button_label@GUI.button_label" : {}
         }
      ],
      "default_control" : "default",
      "hover_control" : "hover",
      "is_handle_button_move_event" : true,
      "layer" : 1,
      "offset" : [ "31.0%+0.0px", "16.0%+0.0px" ],
      "pressed_control" : "pressed",
      "size" : [ "24.0%+0.0px", "26.0%+0.0px" ],
      "type" : "button",
      "visible" : true
   },
   "r" : {
      "anchor_from" : "top_right",
      "anchor_to" : "right_middle",
      "controls" : [
         {
            "rdude@GUI.rdude" : {}
         },
         {
            "rplate@GUI.rplate" : {}
         },
         {
            "right@GUI.right" : {}
         },
         {
            "rtray@GUI.rtray" : {}
         },
         {
            "rcoin@GUI.rcoin" : {}
         },
         {
            "rreal@GUI.rreal" : {}
         },
         {
            "rbanker@GUI.rbanker" : {}
         },
         {
            "rblank@GUI.rblank" : {}
         }
      ],
      "layer" : 1,
      "offset" : [ 0.0, "50.0%+0.0px" ],
      "size" : [ "50.0%+0.0px", 100.0 ],
      "type" : "panel",
      "visible" : true
   },
   "rank" : {
      "anchor_from" : "top_left",
      "anchor_to" : "top_left",
      "is_new_nine_slice" : false,
      "layer" : 1,
      "nine_slice_buttom" : 0,
      "nine_slice_left" : 0,
      "nine_slice_right" : 0,
      "nine_slice_top" : 0,
      "nineslice_size" : [ 0, 0, 0, 0 ],
      "offset" : [ 23.0, 13.0 ],
      "size" : [ 21.0, 7.0 ],
      "texture" : "textures/ui/w3h1",
      "type" : "image",
      "uv" : [ 0, 0 ],
      "uv_size" : [ 0, 0 ],
      "visible" : true
   },
   "rbanker" : {
      "anchor_from" : "top_right",
      "anchor_to" : "top_right",
      "is_new_nine_slice" : false,
      "layer" : 1,
      "nine_slice_buttom" : 0,
      "nine_slice_left" : 0,
      "nine_slice_right" : 0,
      "nine_slice_top" : 0,
      "nineslice_size" : [ 0, 0, 0, 0 ],
      "offset" : [ -21.0, 11.0 ],
      "size" : [ 10.0, 10.0 ],
      "texture" : "textures/ui/og",
      "type" : "image",
      "uv" : [ 0, 0 ],
      "uv_size" : [ 0, 0 ],
      "visible" : true
   },
   "rblank" : {
      "anchor_from" : "top_right",
      "anchor_to" : "top_right",
      "is_new_nine_slice" : false,
      "layer" : 1,
      "nine_slice_buttom" : 1,
      "nine_slice_left" : 1,
      "nine_slice_right" : 1,
      "nine_slice_top" : 1,
      "nineslice_size" : [ 1, 1, 1, 1 ],
      "offset" : [ -33.0, 18.0 ],
      "size" : [ 10.0, 14.0 ],
      "texture" : "textures/ui/blank",
      "type" : "image",
      "uv" : [ 0, 0 ],
      "uv_size" : [ 0, 0 ],
      "visible" : true
   },
   "rcoin" : {
      "anchor_from" : "top_right",
      "anchor_to" : "top_right",
      "is_new_nine_slice" : false,
      "layer" : 2,
      "nine_slice_buttom" : 0,
      "nine_slice_left" : 0,
      "nine_slice_right" : 0,
      "nine_slice_top" : 0,
      "nineslice_size" : [ 0, 0, 0, 0 ],
      "offset" : [ -44.0, 45.0 ],
      "size" : [ 9.0, 9.0 ],
      "texture" : "textures/ui/w1h1",
      "type" : "image",
      "uv" : [ 0, 0 ],
      "uv_size" : [ 0, 0 ],
      "visible" : true
   },
   "rdude@common.button" : {
      "$default_texture" : "textures/ui/Steve",
      "$hover_texture" : "textures/ui/Steve",
      "$is_new_nine_slice" : false,
      "$label_color" : [ 1, 1, 1 ],
      "$label_font_scale_factor" : 0.2300000041723251,
      "$label_font_size" : "small",
      "$label_layer" : 3,
      "$label_offset" : [ 0, 0 ],
      "$label_text" : "",
      "$nine_slice_buttom" : 0,
      "$nine_slice_left" : 0,
      "$nine_slice_right" : 0,
      "$nine_slice_top" : 0,
      "$nineslice_size" : [ 0, 0, 0, 0 ],
      "$pressed_button_name" : "%GUI.click",
      "$pressed_texture" : "textures/ui/Steve",
      "$texture_layer" : 2,
      "anchor_from" : "top_right",
      "anchor_to" : "top_right",
      "bindings" : [
         {
            "binding_collection_name" : "",
            "binding_condition" : "always_when_visible",
            "binding_type" : "collection_details"
         }
      ],
      "button_mappings" : [],
      "controls" : [
         {
            "default@GUI.default" : {}
         },
         {
            "hover@GUI.hover" : {}
         },
         {
            "pressed@GUI.pressed" : {}
         },
         {
            "button_label@GUI.button_label" : {}
         }
      ],
      "default_control" : "default",
      "hover_control" : "hover",
      "is_handle_button_move_event" : true,
      "layer" : 1,
      "offset" : [ -4.0, 4.0 ],
      "pressed_control" : "pressed",
      "size" : [ 16.0, 16.0 ],
      "type" : "button",
      "visible" : true
   },
   "real" : {
      "anchor_from" : "top_left",
      "anchor_to" : "top_left",
      "color" : [ 1, 1, 1 ],
      "font_scale_factor" : 0.5899999737739563,
      "font_size" : "normal",
      "font_type" : "smooth",
      "layer" : 2,
      "offset" : [ 91.0, 10.0 ],
      "shadow" : false,
      "size" : [ 39.0, 5.0 ],
      "text" : "3000",
      "text_alignment" : "left",
      "type" : "label",
      "visible" : true
   },
   "rec@common.button" : {
      "$default_texture" : "textures/ui/rec",
      "$hover_texture" : "textures/ui/recc",
      "$is_new_nine_slice" : false,
      "$label_color" : [ 1, 1, 1 ],
      "$label_font_scale_factor" : 0.2300000041723251,
      "$label_font_size" : "small",
      "$label_layer" : 3,
      "$label_offset" : [ 0, 0 ],
      "$label_text" : "",
      "$nine_slice_buttom" : 0,
      "$nine_slice_left" : 0,
      "$nine_slice_right" : 0,
      "$nine_slice_top" : 0,
      "$nineslice_size" : [ 0, 0, 0, 0 ],
      "$pressed_button_name" : "%GUI.click",
      "$pressed_texture" : "textures/ui/recc",
      "$texture_layer" : 2,
      "anchor_from" : "top_left",
      "anchor_to" : "top_left",
      "bindings" : [
         {
            "binding_collection_name" : "",
            "binding_condition" : "always_when_visible",
            "binding_type" : "collection_details"
         }
      ],
      "button_mappings" : [],
      "controls" : [
         {
            "default@GUI.default" : {}
         },
         {
            "hover@GUI.hover" : {}
         },
         {
            "pressed@GUI.pressed" : {}
         },
         {
            "button_label@GUI.button_label" : {}
         }
      ],
      "default_control" : "default",
      "hover_control" : "hover",
      "is_handle_button_move_event" : true,
      "layer" : 444,
      "offset" : [ 28.0, 4.0 ],
      "pressed_control" : "pressed",
      "size" : [ 20.0, 20.0 ],
      "type" : "button",
      "visible" : true
   },
   "rich@common.button" : {
      "$default_texture" : "textures/ui/rich",
      "$hover_texture" : "textures/ui/richc",
      "$is_new_nine_slice" : false,
      "$label_color" : [ 1, 1, 1 ],
      "$label_font_scale_factor" : 0.2300000041723251,
      "$label_font_size" : "small",
      "$label_layer" : 3,
      "$label_offset" : [ 0, 0 ],
      "$label_text" : "",
      "$nine_slice_buttom" : 0,
      "$nine_slice_left" : 0,
      "$nine_slice_right" : 0,
      "$nine_slice_top" : 0,
      "$nineslice_size" : [ 0, 0, 0, 0 ],
      "$pressed_button_name" : "%GUI.click",
      "$pressed_texture" : "textures/ui/richc",
      "$texture_layer" : 2,
      "anchor_from" : "top_left",
      "anchor_to" : "top_left",
      "bindings" : [
         {
            "binding_collection_name" : "",
            "binding_condition" : "always_when_visible",
            "binding_type" : "collection_details"
         }
      ],
      "button_mappings" : [],
      "controls" : [
         {
            "default@GUI.default" : {}
         },
         {
            "hover@GUI.hover" : {}
         },
         {
            "pressed@GUI.pressed" : {}
         },
         {
            "button_label@GUI.button_label" : {}
         }
      ],
      "default_control" : "default",
      "hover_control" : "hover",
      "is_handle_button_move_event" : true,
      "layer" : 2,
      "offset" : [ 117.0, 8.0 ],
      "pressed_control" : "pressed",
      "size" : [ 9.0, 10.0 ],
      "type" : "button",
      "visible" : true
   },
   "right" : {
      "anchor_from" : "top_right",
      "anchor_to" : "top_right",
      "color" : [ 1, 1, 1 ],
      "font_scale_factor" : 0.6999999880790710,
      "font_size" : "normal",
      "font_type" : "smooth",
      "layer" : 1,
      "offset" : [ -4.0, 34.0 ],
      "shadow" : false,
      "size" : [ 46.0, 6.0 ],
      "text" : "故意只显示七个字",
      "text_alignment" : "left",
      "type" : "label",
      "visible" : true
   },
   "rookie@common.button" : {
      "$default_texture" : "textures/netease/common/button/default",
      "$hover_texture" : "textures/netease/common/button/hover",
      "$is_new_nine_slice" : true,
      "$label_color" : [ 1, 1, 1 ],
      "$label_font_scale_factor" : 1.0,
      "$label_font_size" : "large",
      "$label_layer" : 3,
      "$label_offset" : [ 0, 0 ],
      "$label_text" : "新手场",
      "$nine_slice_buttom" : 0,
      "$nine_slice_left" : 0,
      "$nine_slice_right" : 0,
      "$nine_slice_top" : 0,
      "$nineslice_size" : [ 0, 0, 0, 0 ],
      "$pressed_button_name" : "%GUI.click",
      "$pressed_texture" : "textures/netease/common/button/pressed",
      "$texture_layer" : 2,
      "anchor_from" : "center",
      "anchor_to" : "center",
      "bindings" : [
         {
            "binding_collection_name" : "",
            "binding_condition" : "always_when_visible",
            "binding_type" : "collection_details"
         }
      ],
      "button_mappings" : [],
      "controls" : [
         {
            "default@GUI.default" : {}
         },
         {
            "hover@GUI.hover" : {}
         },
         {
            "pressed@GUI.pressed" : {}
         },
         {
            "button_label@GUI.button_label" : {}
         }
      ],
      "default_control" : "default",
      "hover_control" : "hover",
      "is_handle_button_move_event" : true,
      "layer" : 1,
      "offset" : [ "-31.0%+0.0px", "-16.0%+0.0px" ],
      "pressed_control" : "pressed",
      "size" : [ "24.0%+0.0px", "26.0%+0.0px" ],
      "type" : "button",
      "visible" : true
   },
   "room" : {
      "anchor_from" : "center",
      "anchor_to" : "center",
      "controls" : [
         {
            "leave@GUI.leave" : {}
         },
         {
            "rec@GUI.rec" : {}
         },
         {
            "menu@GUI.menu" : {}
         },
         {
            "change@GUI.change" : {}
         },
         {
            "bot@GUI.bot" : {}
         },
         {
            "match@GUI.match" : {}
         },
         {
            "tag@GUI.tag" : {}
         },
         {
            "court@GUI.court" : {}
         }
      ],
      "layer" : 1,
      "offset" : [ 0, 0 ],
      "size" : [ "100.0%+0.0px", "100.0%+0.0px" ],
      "type" : "panel",
      "visible" : true
   },
   "rplate" : {
      "anchor_from" : "top_right",
      "anchor_to" : "top_right",
      "is_new_nine_slice" : false,
      "layer" : 1,
      "nine_slice_buttom" : 0,
      "nine_slice_left" : 0,
      "nine_slice_right" : 0,
      "nine_slice_top" : 0,
      "nineslice_size" : [ 0, 0, 0, 0 ],
      "offset" : [ -4.0, 24.0 ],
      "size" : [ 24.0, 8.0 ],
      "texture" : "textures/ui/w3h1",
      "type" : "image",
      "uv" : [ 0, 0 ],
      "uv_size" : [ 0, 0 ],
      "visible" : true
   },
   "rreal" : {
      "anchor_from" : "top_right",
      "anchor_to" : "top_right",
      "color" : [ 1, 1, 1 ],
      "font_scale_factor" : 0.5899999737739563,
      "font_size" : "normal",
      "font_type" : "smooth",
      "layer" : 2,
      "offset" : [ 0.0, 47.0 ],
      "shadow" : false,
      "size" : [ 39.0, 5.0 ],
      "text" : "3000",
      "text_alignment" : "left",
      "type" : "label",
      "visible" : true
   },
   "rtray" : {
      "anchor_from" : "top_right",
      "anchor_to" : "top_right",
      "is_new_nine_slice" : true,
      "layer" : 1,
      "nine_slice_buttom" : 0,
      "nine_slice_left" : 0,
      "nine_slice_right" : 0,
      "nine_slice_top" : 0,
      "nineslice_size" : [ 0, 0, 0, 0 ],
      "offset" : [ -4.0, 44.0 ],
      "size" : [ 51.0, 11.0 ],
      "texture" : "textures/ui/tray",
      "type" : "image",
      "uv" : [ 0, 0 ],
      "uv_size" : [ 0, 0 ],
      "visible" : true
   },
   "senior@common.button" : {
      "$default_texture" : "textures/netease/common/button/default",
      "$hover_texture" : "textures/netease/common/button/hover",
      "$is_new_nine_slice" : true,
      "$label_color" : [ 1, 1, 1 ],
      "$label_font_scale_factor" : 1.0,
      "$label_font_size" : "large",
      "$label_layer" : 3,
      "$label_offset" : [ 0, 0 ],
      "$label_text" : "中级场",
      "$nine_slice_buttom" : 0,
      "$nine_slice_left" : 0,
      "$nine_slice_right" : 0,
      "$nine_slice_top" : 0,
      "$nineslice_size" : [ 0, 0, 0, 0 ],
      "$pressed_button_name" : "%GUI.click",
      "$pressed_texture" : "textures/netease/common/button/pressed",
      "$texture_layer" : 2,
      "anchor_from" : "center",
      "anchor_to" : "center",
      "bindings" : [
         {
            "binding_collection_name" : "",
            "binding_condition" : "always_when_visible",
            "binding_type" : "collection_details"
         }
      ],
      "button_mappings" : [],
      "controls" : [
         {
            "default@GUI.default" : {}
         },
         {
            "hover@GUI.hover" : {}
         },
         {
            "pressed@GUI.pressed" : {}
         },
         {
            "button_label@GUI.button_label" : {}
         }
      ],
      "default_control" : "default",
      "hover_control" : "hover",
      "is_handle_button_move_event" : true,
      "layer" : 1,
      "offset" : [ "-31.0%+0.0px", "16.0%+0.0px" ],
      "pressed_control" : "pressed",
      "size" : [ "24.0%+0.0px", "26.0%+0.0px" ],
      "type" : "button",
      "visible" : true
   },
   "shorty" : {
      "anchor_from" : "top_left",
      "anchor_to" : "top_left",
      "color" : [ 1, 1, 1 ],
      "font_scale_factor" : 0.6999999880790710,
      "font_size" : "normal",
      "font_type" : "smooth",
      "layer" : 1,
      "offset" : [ 50.0, 11.0 ],
      "shadow" : false,
      "size" : [ 46.0, 6.0 ],
      "text" : "故意只显示七个字",
      "text_alignment" : "left",
      "type" : "label",
      "visible" : true
   },
   "single@common.button" : {
      "$default_texture" : "textures/netease/common/button/default",
      "$hover_texture" : "textures/netease/common/button/hover",
      "$is_new_nine_slice" : true,
      "$label_color" : [ 1, 1, 1 ],
      "$label_font_scale_factor" : 1.0,
      "$label_font_size" : "large",
      "$label_layer" : 3,
      "$label_offset" : [ 0, 0 ],
      "$label_text" : "单人模式",
      "$nine_slice_buttom" : 0,
      "$nine_slice_left" : 0,
      "$nine_slice_right" : 0,
      "$nine_slice_top" : 0,
      "$nineslice_size" : [ 0, 0, 0, 0 ],
      "$pressed_button_name" : "%GUI.click",
      "$pressed_texture" : "textures/netease/common/button/pressed",
      "$texture_layer" : 2,
      "anchor_from" : "center",
      "anchor_to" : "center",
      "bindings" : [
         {
            "binding_collection_name" : "",
            "binding_condition" : "always_when_visible",
            "binding_type" : "collection_details"
         }
      ],
      "button_mappings" : [],
      "controls" : [
         {
            "default@GUI.default" : {}
         },
         {
            "hover@GUI.hover" : {}
         },
         {
            "pressed@GUI.pressed" : {}
         },
         {
            "button_label@GUI.button_label" : {}
         }
      ],
      "default_control" : "default",
      "hover_control" : "hover",
      "is_handle_button_move_event" : true,
      "layer" : 1,
      "offset" : [ "20.0%+0.0px", "1.0%+0.0px" ],
      "pressed_control" : "pressed",
      "size" : [ "40.0%+0.0px", "77.0%+0.0px" ],
      "type" : "button",
      "visible" : true
   },
   "slot" : {
      "anchor_from" : "top_left",
      "anchor_to" : "top_left",
      "is_new_nine_slice" : true,
      "layer" : 1,
      "nine_slice_buttom" : 1,
      "nine_slice_left" : 0,
      "nine_slice_right" : 0,
      "nine_slice_top" : 1,
      "nineslice_size" : [ 0, 0, 0, 0 ],
      "offset" : [ 75.0, 7.0 ],
      "size" : [ 51.0, 11.0 ],
      "texture" : "textures/ui/slot",
      "type" : "image",
      "uv" : [ 0, 0 ],
      "uv_size" : [ 0, 0 ],
      "visible" : true
   },
   "tag" : {
      "anchor_from" : "bottom_right",
      "anchor_to" : "bottom_right",
      "controls" : [
         {
            "fee@GUI.fee" : {}
         },
         {
            "utmost@GUI.utmost" : {}
         }
      ],
      "is_new_nine_slice" : false,
      "layer" : 1,
      "nine_slice_buttom" : 0,
      "nine_slice_left" : 0,
      "nine_slice_right" : 0,
      "nine_slice_top" : 0,
      "nineslice_size" : [ 0, 0, 0, 0 ],
      "offset" : [ -3.0, 0.0 ],
      "size" : [ 50.0, 80.0 ],
      "texture" : "textures/ui/tag",
      "type" : "image",
      "uv" : [ 0, 0 ],
      "uv_size" : [ 0, 0 ],
      "visible" : false
   },
   "times" : {
      "anchor_from" : "top_right",
      "anchor_to" : "top_right",
      "color" : [ 1, 1, 1 ],
      "font_scale_factor" : 0.5899999737739563,
      "font_size" : "normal",
      "font_type" : "smooth",
      "layer" : 2,
      "offset" : [ -66.0, 11.0 ],
      "shadow" : false,
      "size" : [ 34.0, 5.0 ],
      "text" : "0",
      "text_alignment" : "center",
      "type" : "label",
      "visible" : true
   },
   "toolbar" : {
      "anchor_from" : "center",
      "anchor_to" : "center",
      "layer" : 1,
      "offset" : [ 0, 0 ],
      "size" : [ "100.0%+0.0px", "100.0%+0.0px" ],
      "type" : "panel",
      "visible" : false
   },
   "top" : {
      "anchor_from" : "top_left",
      "anchor_to" : "top_left",
      "controls" : [
         {
            "head@GUI.head" : {}
         },
         {
            "name@GUI.name" : {}
         },
         {
            "rank@GUI.rank" : {}
         },
         {
            "slot@GUI.slot" : {}
         },
         {
            "coin@GUI.coin" : {}
         },
         {
            "real@GUI.real" : {}
         },
         {
            "rich@GUI.rich" : {}
         }
      ],
      "is_new_nine_slice" : false,
      "layer" : 1,
      "nine_slice_buttom" : 4,
      "nine_slice_left" : 4,
      "nine_slice_right" : 4,
      "nine_slice_top" : 4,
      "nineslice_size" : [ 4, 4, 4, 4 ],
      "offset" : [ 0, 0 ],
      "size" : [ 200.0, 25.0 ],
      "texture" : "textures/ui/top",
      "type" : "image",
      "uv" : [ 0, 0 ],
      "uv_size" : [ 0, 0 ],
      "visible" : false
   },
   "tournament@common.button" : {
      "$default_texture" : "textures/netease/common/button/default",
      "$hover_texture" : "textures/netease/common/button/hover",
      "$is_new_nine_slice" : true,
      "$label_color" : [ 1, 1, 1 ],
      "$label_font_scale_factor" : 1.0,
      "$label_font_size" : "large",
      "$label_layer" : 3,
      "$label_offset" : [ 0, 0 ],
      "$label_text" : "挑战赛",
      "$nine_slice_buttom" : 0,
      "$nine_slice_left" : 0,
      "$nine_slice_right" : 0,
      "$nine_slice_top" : 0,
      "$nineslice_size" : [ 0, 0, 0, 0 ],
      "$pressed_button_name" : "%GUI.click",
      "$pressed_texture" : "textures/netease/common/button/pressed",
      "$texture_layer" : 2,
      "anchor_from" : "center",
      "anchor_to" : "center",
      "bindings" : [
         {
            "binding_collection_name" : "",
            "binding_condition" : "always_when_visible",
            "binding_type" : "collection_details"
         }
      ],
      "button_mappings" : [],
      "controls" : [
         {
            "default@GUI.default" : {}
         },
         {
            "hover@GUI.hover" : {}
         },
         {
            "pressed@GUI.pressed" : {}
         },
         {
            "button_label@GUI.button_label" : {}
         }
      ],
      "default_control" : "default",
      "hover_control" : "hover",
      "is_handle_button_move_event" : true,
      "layer" : 1,
      "offset" : [ "30.0%+0.0px", 0.0 ],
      "pressed_control" : "pressed",
      "size" : [ "30.0%+0.0px", "77.0%+0.0px" ],
      "type" : "button",
      "visible" : true
   },
   "tray" : {
      "anchor_from" : "top_right",
      "anchor_to" : "top_right",
      "is_new_nine_slice" : true,
      "layer" : 1,
      "nine_slice_buttom" : 1,
      "nine_slice_left" : 0,
      "nine_slice_right" : 0,
      "nine_slice_top" : 1,
      "nineslice_size" : [ 0, 0, 0, 0 ],
      "offset" : [ -60.0, 8.0 ],
      "size" : [ 51.0, 11.0 ],
      "texture" : "textures/ui/slot",
      "type" : "image",
      "uv" : [ 0, 0 ],
      "uv_size" : [ 0, 0 ],
      "visible" : true
   },
   "utmost" : {
      "anchor_from" : "top_left",
      "anchor_to" : "top_left",
      "color" : [ 1, 1, 1 ],
      "font_scale_factor" : 0.6999999880790710,
      "font_size" : "normal",
      "font_type" : "smooth",
      "layer" : 1,
      "offset" : [ 25.0, 42.0 ],
      "shadow" : false,
      "size" : [ 18.0, 6.0 ],
      "text" : "4396",
      "text_alignment" : "center",
      "type" : "label",
      "visible" : true
   },
   "variant@common.button" : {
      "$default_texture" : "textures/netease/common/button/default",
      "$hover_texture" : "textures/netease/common/button/hover",
      "$is_new_nine_slice" : true,
      "$label_color" : [ 1, 1, 1 ],
      "$label_font_scale_factor" : 1.0,
      "$label_font_size" : "large",
      "$label_layer" : 3,
      "$label_offset" : [ 0, 0 ],
      "$label_text" : "癞子玩法",
      "$nine_slice_buttom" : 0,
      "$nine_slice_left" : 0,
      "$nine_slice_right" : 0,
      "$nine_slice_top" : 0,
      "$nineslice_size" : [ 0, 0, 0, 0 ],
      "$pressed_button_name" : "%GUI.click",
      "$pressed_texture" : "textures/netease/common/button/pressed",
      "$texture_layer" : 2,
      "anchor_from" : "center",
      "anchor_to" : "center",
      "bindings" : [
         {
            "binding_collection_name" : "",
            "binding_condition" : "always_when_visible",
            "binding_type" : "collection_details"
         }
      ],
      "button_mappings" : [],
      "controls" : [
         {
            "default@GUI.default" : {}
         },
         {
            "hover@GUI.hover" : {}
         },
         {
            "pressed@GUI.pressed" : {}
         },
         {
            "button_label@GUI.button_label" : {}
         }
      ],
      "default_control" : "default",
      "hover_control" : "hover",
      "is_handle_button_move_event" : true,
      "layer" : 1,
      "offset" : [ 0.0, 0.0 ],
      "pressed_control" : "pressed",
      "size" : [ "30.0%+0.0px", "77.0%+0.0px" ],
      "type" : "button",
      "visible" : true
   }
}
